agent_id,first_name,last_name,contact_number,email,commission_rate
1,Onkar,Wali,07658390187,aliabalasubramanian@yahoo.com,10.58
2,Nakul,Kumer,5287158344,bhattikeya@sankaran.com,9.16
3,Ira,Dutt,04240294804,usarna@hotmail.com,10.96
4,Miraya,Sawhney,9087634272,dswaminathan@gmail.com,11.18
5,Faiyaz,Gill,08737815616,shankerayesha@gulati.com,12.76
6,Miraan,Shanker,7314031916,xverma@hotmail.com,8.8
7,Fateh,Kala,+914698896762,jivindugal@mane-rau.com,14.09
8,Gokul,Dave,06867071671,amira92@yahoo.com,7.97
9,Amani,Loyal,02352980093,choudhuryurvi@yahoo.com,10.89
10,Nakul,Dass,04247115582,mallickfaiyaz@ganesan.com,9.29
11,Vardaniya,Ramakrishnan,+917067769313,tyohannan@dara-malhotra.com,10.69
12,Kartik,Iyengar,02550353321,buchshayak@sarkar-jaggi.info,5.6
13,Shaan,Sodhi,1499959770,sarnazara@acharya-gole.biz,14.6
14,Hazel,Saha,2583201435,vidur36@yahoo.com,5.99
15,Mannat,Kumer,3686364449,sahotayuvaan@sheth.biz,12.63
16,Alia,Sidhu,+919206042942,basumannat@deol.com,11.26
17,Lakshit,Rege,5069782099,hbhavsar@biswas.com,7.65
18,Diya,Borra,9983990150,rohan76@gmail.com,5.81
19,Adira,Mammen,+916803040054,baralzaina@hotmail.com,7.4
20,Tiya,Chaudhry,+914336057432,bhasinshray@mani-ganesan.org,10.52
21,Mohanlal,Shankar,9291791969,dalalvaibhav@bali-konda.biz,6.57
22,Samar,Sarma,2059483609,kadeelakshi@bera.com,9.09
23,Nitara,Chokshi,6096439453,ichawla@gmail.com,11.89
24,Aarav,Varghese,6015353053,adah24@mand.net,9.7
25,Neelofar,Sankaran,0497046485,divit69@hotmail.com,5.33
26,Lakshay,Bumb,4057411935,rattanaarav@kunda.org,7.88
27,Devansh,Saran,06770952185,derania@gmail.com,7.83
28,Mahika,De,+919008892585,mahikasehgal@hotmail.com,13.6
29,Azad,Char,00377312058,ela53@hotmail.com,5.71
30,Biju,Kari,08781340951,duttabhavin@hotmail.com,7.33
31,Devansh,Malhotra,+913617000485,senguptatrisha@hotmail.com,7.65
32,Himmat,Sanghvi,+914810945255,ubora@kale-baral.com,12.91
33,Priyansh,Bedi,+919870109321,khushidatta@gmail.com,10.9
34,Charvi,Swaminathan,01114832409,tanya26@gmail.com,13.04
35,Hansh,Bhatia,06948100112,rashaapte@kadakia.org,6.98
36,Vaibhav,Ganguly,06732383684,nakul44@walla-chad.com,6.15
37,Zaina,Krishnan,+917490538905,ranatarini@hotmail.com,7.25
38,Purab,Buch,1683625772,sarmadamini@chanda-kaur.com,6.49
39,Gatik,Bakshi,09157981555,kiara55@rastogi.com,7.66
40,Nishith,Rattan,02217328424,jiyaloke@gmail.com,6.42
41,Nitara,Buch,+912917265134,dugalmishti@trivedi-korpal.net,5.6
42,Suhana,Bhakta,+911456253030,chirag30@bhardwaj.com,12.93
43,Chirag,Dhaliwal,04421437780,nitara92@hotmail.com,10.95
44,Himmat,Walla,07026049769,lsarin@yahoo.com,13.24
45,Yuvaan,Sampath,6411350764,schacko@yahoo.com,14.21
46,Renee,Jaggi,+913968007119,ddugar@hotmail.com,9.39
47,Vanya,Gokhale,2201127042,jiya33@sekhon.net,9.69
48,Dharmajan,Swamy,03316166974,fmanne@gmail.com,8.04
49,Aradhya,Bhandari,+919895111578,nakulmanne@gmail.com,9.03
50,Kiaan,Kota,+915586026423,samairatrivedi@yahoo.com,7.72
