claim_id,claim_date,amount_claimed,status,policy_id,approved_by
1,2020-12-06,164715,Pending,537,Zaina Mand
2,2020-09-02,138229,Rejected,158,Jivin Chanda
3,2023-01-17,124543,Approved,420,Priyansh Kumer
4,2022-06-09,129976,Pending,99,Eshani Sabharwal
5,2023-02-20,107024,Pending,45,Sahil Hans
6,2021-03-01,167863,Pending,183,Yuvaan Chopra
7,2022-08-27,175331,Pending,110,Nirvi Grover
8,2021-07-23,99647,Pending,33,Dhruv Sahni
9,2022-11-14,116347,Approved,674,Mohanlal Chaudhry
10,2020-06-16,100532,Rejected,719,Shray Kale
11,2020-10-08,120109,Pending,376,Ahana  Yadav
12,2019-11-04,48041,Rejected,73,Aradhya Kulkarni
13,2022-04-07,7552,Pending,672,Kanav Dixit
14,2022-05-30,100824,Pending,480,Kashvi Subramaniam
15,2021-06-06,161199,Pending,370,Jayan Shere
16,2021-04-18,113814,Approved,842,Trisha Rao
17,2020-09-27,76968,Rejected,60,Tarini Gupta
18,2020-06-13,165610,Approved,542,Ivana Buch
19,2021-04-01,12927,Pending,855,Elakshi Mahajan
20,2022-09-14,64261,Pending,984,Nitara Chaudhari
21,2020-10-28,106300,Pending,743,Myra Sastry
22,2022-06-22,50049,Approved,195,Romil Amble
23,2024-04-16,42658,Rejected,255,Ryan Kapoor
24,2022-02-17,116155,Pending,572,Alisha Chatterjee
25,2023-11-09,151093,Approved,765,Kashvi Ratti
26,2023-05-17,25575,Rejected,591,Shanaya Kohli
27,2022-10-03,74803,Approved,720,Shlok Kanda
28,2023-12-06,134722,Pending,171,Veer Bhatia
29,2024-02-11,159530,Rejected,412,Seher Dhillon
30,2022-01-13,103415,Rejected,162,Shalv Bhatia
31,2020-07-15,109111,Rejected,454,Kimaya Dugar
32,2022-01-07,187036,Approved,564,Saksham Barad
33,2024-10-11,198335,Approved,866,Riaan Ben
34,2022-12-10,77485,Rejected,441,Drishya Kalita
35,2021-10-26,166100,Approved,624,Ira Dass
36,2019-11-08,51941,Rejected,220,Aaryahi Uppal
37,2020-07-17,78137,Rejected,949,Badal Walla
38,2023-01-15,150193,Approved,985,Mahika Bhargava
39,2022-05-23,93219,Approved,1,Shaan Cherian
40,2021-11-21,146631,Approved,611,Prisha Ghosh
41,2021-04-29,8179,Pending,912,Divit Tank
42,2022-11-10,63859,Approved,228,Manjari Batta
43,2022-02-24,46890,Approved,23,Pari Bhagat
44,2023-01-12,155447,Rejected,843,Dhanuk Gill
45,2023-11-01,58812,Rejected,524,Kanav Khanna
46,2023-06-03,113483,Rejected,159,Aarush Sengupta
47,2020-07-22,23386,Approved,365,Priyansh Banik
48,2023-12-25,35441,Approved,376,Abram Ranganathan
49,2019-11-07,178477,Pending,239,Faiyaz Mangat
50,2022-12-27,54968,Approved,95,Nayantara Behl
51,2022-05-07,116245,Rejected,940,Ehsaan Dugal
52,2024-10-04,47400,Pending,741,Divyansh Dey
53,2024-10-03,68315,Approved,178,Shaan Lata
54,2021-05-31,100214,Rejected,720,Lakshit Handa
55,2024-06-21,117365,Pending,610,Anahita Chahal
56,2023-02-26,130240,Pending,749,Samaira Barad
57,2024-03-15,162627,Approved,81,Hazel Dave
58,2021-11-08,157124,Approved,357,Vaibhav Thaker
59,2024-05-27,176560,Approved,427,Eva Boase
60,2023-10-15,186398,Pending,891,Kiaan Sachdev
61,2020-01-01,155226,Rejected,669,Amani Anand
62,2022-06-15,170648,Pending,650,Raghav Dass
63,2022-09-12,156597,Approved,56,Miraan Apte
64,2019-11-11,64433,Pending,327,Oorja Agarwal
65,2022-01-11,110286,Pending,335,Riya Sengupta
66,2020-11-10,102968,Pending,157,Diya Barman
67,2024-03-02,14851,Rejected,403,Mehul Cherian
68,2020-04-01,194353,Rejected,590,Jayesh Koshy
69,2023-01-06,103422,Pending,443,Riya Boase
70,2023-09-09,61508,Approved,152,Ivan Chauhan
71,2024-01-09,30777,Pending,488,Aaryahi Ramesh
72,2022-07-23,116431,Pending,562,Prerak Thakur
73,2021-07-26,82842,Pending,409,Nehmat Hans
74,2020-03-08,102856,Rejected,134,Keya Bajwa
75,2022-01-06,153596,Approved,573,Mehul Gokhale
76,2021-08-06,43631,Approved,668,Hridaan Butala
77,2023-05-12,116409,Rejected,631,Pranay Raja
78,2021-07-22,199430,Rejected,253,Yashvi Tandon
79,2022-09-23,52251,Approved,796,Jivika Kaur
80,2021-06-01,88863,Rejected,947,Tushar Bava
81,2021-06-17,117324,Pending,688,Zoya Rana
82,2024-10-19,85649,Approved,357,Ritvik Bora
83,2023-05-20,42146,Approved,609,Myra Gupta
84,2020-04-30,132805,Approved,174,Manjari Mand
85,2023-09-14,197592,Rejected,842,Anahita Datta
86,2019-11-24,198081,Approved,639,Dhruv Dayal
87,2021-11-11,33435,Pending,947,Vidur Dhillon
88,2020-07-30,164544,Pending,702,Mahika Rana
89,2020-07-23,77895,Rejected,874,Adira Goswami
90,2023-05-17,21734,Rejected,56,Saanvi Bakshi
91,2021-02-17,52394,Rejected,949,Reyansh Wali
92,2021-04-11,33797,Approved,15,Arnav Bail
93,2023-04-25,71938,Pending,313,Hrishita Shetty
94,2024-09-11,92762,Pending,340,Ivan Chandra
95,2024-03-25,45757,Rejected,217,Lagan Gole
96,2023-09-26,44741,Rejected,769,Heer Roy
97,2022-07-08,55438,Approved,638,Tushar Vora
98,2024-08-01,147335,Pending,712,Indrans Gaba
99,2020-05-06,141257,Pending,386,Ranbir Vig
100,2023-12-09,118686,Rejected,540,Jayesh Raju
101,2022-02-08,13479,Pending,62,Amira Goel
102,2023-03-11,60383,Rejected,633,Saksham Behl
103,2021-03-08,57900,Approved,671,Adira Chaudhuri
104,2024-05-12,189309,Pending,398,Aaryahi Korpal
105,2023-04-10,133773,Rejected,873,Shray Som
106,2023-08-31,183009,Approved,886,Lakshay Baria
107,2019-10-31,26039,Approved,889,Ivan Bhatt
108,2020-05-29,177263,Approved,237,Mamooty Rout
109,2024-03-10,196060,Rejected,727,Taimur Srivastava
110,2021-08-04,24423,Approved,497,Jayesh Bansal
111,2022-05-14,174021,Rejected,91,Sara Kumer
112,2021-08-17,41351,Rejected,990,Reyansh Sandhu
113,2022-08-16,94307,Rejected,23,Reyansh Manda
114,2024-02-10,12752,Rejected,313,Miraya Kala
115,2024-03-24,70046,Approved,763,Jhanvi Saraf
116,2020-11-19,35616,Approved,701,Indrajit Grewal
117,2022-03-28,73623,Rejected,310,Armaan Ratta
118,2021-06-09,51060,Rejected,283,Prisha Dash
119,2022-09-10,163319,Rejected,264,Chirag Goda
120,2020-05-04,176342,Pending,967,Kiaan Sangha
121,2022-03-29,113213,Approved,231,Aaina Varghese
122,2019-12-26,34583,Approved,673,Hazel Sengupta
123,2024-09-07,31766,Rejected,392,Siya Datta
124,2023-10-20,106540,Rejected,628,Taimur Khanna
125,2022-07-13,175177,Rejected,233,Ehsaan Anand
126,2024-06-10,86380,Rejected,157,Nitya Barad
127,2020-02-18,88161,Approved,932,Akarsh Bumb
128,2021-04-30,123047,Approved,556,Saanvi Boase
129,2021-08-02,30696,Rejected,142,Tejas Bera
130,2021-04-28,118301,Rejected,820,Zeeshan Raju
131,2024-02-27,44451,Pending,317,Himmat Chandran
132,2021-02-08,139264,Rejected,932,Pranay Bawa
133,2022-01-11,31374,Pending,672,Ivan Jayaraman
134,2021-10-06,186941,Pending,326,Zain Sharaf
135,2020-11-20,18224,Rejected,972,Ritvik Deo
136,2022-07-09,145291,Pending,326,Anika Bera
137,2022-08-30,168707,Pending,745,Priyansh Dyal
138,2020-11-11,10749,Approved,902,Ayesha Magar
139,2023-07-20,194715,Approved,311,Ira Krishna
140,2020-01-29,91386,Rejected,956,Parinaaz Bhatia
141,2022-10-21,148976,Pending,798,Lakshay Chakraborty
142,2023-05-26,41647,Pending,190,Kabir Chaudhari
143,2021-04-16,10109,Rejected,632,Kanav Ganguly
144,2022-10-28,57038,Rejected,628,Zeeshan Ramaswamy
145,2020-02-24,50028,Pending,237,Kartik Sekhon
146,2023-02-04,139039,Approved,82,Dhruv Badal
147,2022-09-15,139188,Approved,138,Dharmajan Mander
148,2023-09-03,102953,Rejected,481,Jayesh Chaudhry
149,2024-06-19,143844,Approved,189,Sumer Din
150,2022-09-13,171165,Approved,486,Hiran Karan
151,2024-07-23,31815,Pending,232,Adira Reddy
152,2021-03-06,11285,Pending,948,Aarush Wable
153,2021-05-08,57622,Approved,228,Shalv Kala
154,2022-03-21,149762,Pending,776,Parinaaz Manne
155,2021-10-13,44890,Pending,950,Misha Ramesh
156,2024-05-06,191166,Approved,888,Diya Raman
157,2020-06-20,125327,Rejected,333,Abram Khosla
158,2024-07-27,174021,Pending,438,Bhamini Mane
159,2023-02-19,83949,Pending,623,Nitya Lala
160,2020-09-21,148390,Approved,738,Mishti Mander
161,2022-04-10,66015,Rejected,962,Purab Hayer
162,2020-10-20,149781,Rejected,550,Miraan Sahni
163,2020-07-06,107420,Rejected,806,Armaan Bobal
164,2022-04-06,12510,Pending,463,Taran Ganguly
165,2020-10-06,94096,Pending,899,Shaan Lad
166,2023-03-05,199188,Rejected,551,Alisha Cheema
167,2022-08-21,82144,Rejected,41,Krish Butala
168,2023-10-31,113752,Rejected,784,Hansh Krishnan
169,2023-03-22,127976,Pending,195,Adira Krishna
170,2023-06-26,61780,Approved,906,Hrishita Thaman
171,2022-02-01,64388,Approved,473,Darshit Basu
172,2023-01-29,37465,Approved,628,Darshit Balan
173,2023-04-01,184211,Rejected,530,Tanya Basak
174,2022-05-24,181217,Approved,850,Anahi Chauhan
175,2023-03-24,130990,Pending,740,Piya Subramanian
176,2022-04-09,102628,Pending,798,Dhanush Andra
177,2022-09-11,119162,Rejected,560,Advika Kota
178,2020-05-14,31385,Approved,332,Lagan Sangha
179,2020-04-08,92923,Pending,465,Anahi Gandhi
180,2024-09-05,120112,Rejected,918,Arnav Mallick
181,2024-06-11,44377,Approved,93,Ira Handa
182,2023-08-23,53766,Rejected,665,Shalv Vig
183,2024-03-27,181897,Pending,736,Lagan Datta
184,2021-03-04,147986,Pending,117,Divyansh Deep
185,2024-08-17,142714,Rejected,372,Tiya Ganesan
186,2021-03-23,21635,Rejected,394,Jayan Gera
187,2024-06-19,146740,Rejected,627,Azad Kala
188,2020-12-25,190202,Approved,564,Tanya Ratta
189,2024-02-28,79218,Pending,935,Ishita Bains
190,2022-02-13,70363,Rejected,884,Neysa Mani
191,2024-10-10,34268,Pending,184,Samar Bhatia
192,2022-05-16,154986,Pending,430,Riaan Agarwal
193,2022-11-07,65072,Rejected,788,Ivana Ghosh
194,2019-12-04,192388,Approved,642,Renee Dara
195,2022-01-25,40236,Pending,984,Mohanlal Deshpande
196,2021-03-05,44556,Rejected,784,Madhup Srinivasan
197,2023-05-01,54357,Approved,510,Devansh Walia
198,2021-05-10,171805,Rejected,827,Zaina Jha
199,2022-05-20,6121,Approved,244,Himmat Dutta
200,2022-01-27,47290,Rejected,488,Rati Mani
201,2021-04-26,93479,Approved,82,Shlok Cherian
202,2023-03-10,122237,Pending,251,Riaan Bhatnagar
203,2021-12-16,177023,Approved,635,Heer Barman
204,2023-08-30,127584,Pending,51,Rhea Rau
205,2022-02-25,41044,Pending,669,Tushar Samra
206,2021-10-27,73059,Pending,875,Eva Sachdev
207,2022-09-03,11324,Rejected,859,Alisha Sundaram
208,2023-06-25,122641,Approved,943,Advik Mane
209,2020-08-20,22102,Pending,427,Ivan Bose
210,2022-05-30,198778,Pending,689,Vidur Bhat
211,2022-01-04,60454,Rejected,709,Vanya Sinha
212,2024-05-15,141470,Rejected,807,Lavanya Suri
213,2023-12-15,114625,Approved,768,Ishaan Agrawal
214,2023-10-14,117898,Pending,96,Mahika Kalla
215,2021-11-25,154860,Approved,378,Divyansh Thakur
216,2022-07-05,180018,Pending,777,Dhanuk Keer
217,2022-09-16,88328,Rejected,67,Miraan Bhargava
218,2023-07-18,62102,Pending,125,Himmat Sampath
219,2022-10-13,140451,Approved,338,Nakul Krish
220,2023-11-01,107775,Rejected,215,Hazel Hayer
221,2020-03-28,140687,Rejected,60,Neelofar Dalal
222,2023-10-13,26314,Rejected,645,Shray Maharaj
223,2023-09-21,108145,Pending,496,Tiya Gour
224,2021-06-28,146194,Rejected,957,Dhruv Koshy
225,2020-12-23,158696,Rejected,295,Piya Bhandari
226,2022-07-21,88275,Approved,266,Nakul Comar
227,2020-01-06,107451,Rejected,363,Krish Vig
228,2021-05-22,185786,Rejected,577,Vaibhav Mani
229,2023-05-04,101797,Rejected,648,Ahana  Singh
230,2021-12-10,102060,Pending,905,Kanav Zachariah
231,2021-10-22,123834,Rejected,298,Divyansh Gokhale
232,2020-07-31,195955,Pending,122,Damini Comar
233,2022-04-11,9677,Rejected,816,Indranil Bobal
234,2023-04-23,27996,Pending,819,Kiaan Bassi
235,2022-12-07,124985,Approved,424,Lakshit Andra
236,2020-01-20,13871,Approved,574,Nayantara Sachdeva
237,2022-06-13,162178,Pending,12,Nishith Barad
238,2022-10-30,129921,Rejected,289,Navya Garg
239,2021-06-20,54611,Pending,316,Adah Kothari
240,2020-07-20,63555,Rejected,332,Yakshit Dua
241,2023-05-13,154571,Pending,703,Shalv Barman
242,2022-05-14,69990,Approved,742,Jayan Chanda
243,2024-03-08,115940,Pending,853,Lakshit Boase
244,2022-07-27,39248,Approved,854,Sahil Kumer
245,2022-07-14,70898,Rejected,491,Saanvi Rajan
246,2023-08-09,183652,Pending,662,Riya Datta
247,2023-04-05,31472,Pending,643,Advika Kari
248,2022-06-26,94821,Rejected,918,Nayantara Choudhry
249,2022-10-01,70346,Approved,951,Fateh Sami
250,2024-01-09,149804,Rejected,307,Pihu Hari
251,2022-04-22,115164,Rejected,324,Adah Dhawan
252,2020-07-21,113260,Pending,214,Kiaan Saraf
253,2020-06-14,117593,Approved,819,Ranbir Bahri
254,2021-02-15,183656,Approved,68,Pranay Karpe
255,2024-01-30,194075,Approved,861,Aayush Wagle
256,2023-08-27,11079,Approved,642,Abram Bera
257,2023-03-16,109183,Pending,585,Hridaan Kothari
258,2019-12-25,123109,Pending,610,Nehmat Desai
259,2024-08-29,27785,Approved,723,Ojas Behl
260,2019-12-11,172275,Rejected,33,Gokul Gupta
261,2023-03-07,57942,Pending,509,Zain Dixit
262,2021-03-23,176025,Approved,463,Indrans Sethi
263,2020-06-07,166744,Approved,222,Yuvaan De
264,2022-06-20,107395,Pending,115,Krish Hari
265,2023-12-10,77972,Pending,797,Diya Sabharwal
266,2023-11-23,44409,Pending,455,Anvi Sahni
267,2022-05-28,103669,Approved,927,Anvi Rau
268,2021-05-20,102511,Pending,349,Kimaya Kurian
269,2023-04-11,185109,Rejected,895,Aarush Walla
270,2020-07-23,107107,Approved,147,Lagan Choudhary
271,2020-12-05,155049,Pending,842,Mannat Soman
272,2024-07-28,196543,Rejected,693,Zoya Batta
273,2023-08-25,198580,Pending,742,Jayan Rege
274,2023-05-08,12128,Approved,731,Fateh Ramachandran
275,2024-08-15,173638,Pending,5,Devansh Divan
276,2022-03-18,65641,Pending,704,Hrishita Goda
277,2020-10-26,170384,Pending,342,Sara Karpe
278,2022-10-26,96041,Pending,106,Gatik Johal
279,2020-02-27,106513,Rejected,764,Inaaya  Dhaliwal
280,2024-10-05,65934,Rejected,777,Prisha Borde
281,2023-03-11,65868,Pending,329,Aaina Kurian
282,2021-05-14,44108,Approved,284,Damini Karnik
283,2024-08-14,108794,Approved,688,Rhea Jaggi
284,2020-05-30,27942,Pending,162,Vanya Basak
285,2019-11-23,58359,Pending,982,Vaibhav Banerjee
286,2022-12-09,126474,Rejected,105,Miraya Wable
287,2021-06-02,45283,Approved,563,Sana Ganguly
288,2023-08-24,67105,Pending,966,Ira Krishnan
289,2022-08-26,142349,Approved,588,Aarna Mane
290,2019-12-06,52741,Pending,319,Bhavin Talwar
291,2021-09-11,124586,Approved,554,Sara Shere
292,2023-11-28,91511,Pending,30,Dhanush Chanda
293,2020-03-22,96793,Rejected,52,Anaya Cherian
294,2020-01-05,25656,Pending,89,Mehul Vohra
295,2024-04-17,88161,Pending,722,Navya Mangat
296,2022-08-13,121244,Rejected,645,Rania Sankar
297,2020-12-26,168054,Rejected,457,Armaan Kata
298,2021-02-05,125181,Approved,341,Kiaan Bajaj
299,2021-07-17,164401,Rejected,777,Umang Shah
300,2024-07-05,135820,Rejected,81,Madhup Choudhury
301,2024-09-14,194868,Approved,582,Darshit Bera
302,2020-10-27,30700,Rejected,480,Mishti Singhal
303,2024-10-03,23966,Approved,701,Tarini Shanker
304,2023-10-18,130662,Approved,482,Hrishita Tata
305,2023-09-12,50180,Pending,148,Advika Majumdar
306,2023-10-13,172914,Rejected,265,Advika Loke
307,2021-02-17,183008,Approved,188,Vihaan Aggarwal
308,2024-06-29,141425,Rejected,339,Jivin Bhattacharyya
309,2023-01-23,158812,Approved,465,Shalv Ben
310,2022-05-24,100064,Pending,487,Piya De
311,2024-02-18,27013,Approved,473,Shayak Karpe
312,2022-02-08,169924,Approved,787,Anay Yadav
313,2023-03-25,72980,Rejected,131,Akarsh Halder
314,2024-04-16,104050,Approved,838,Sahil Sandhu
315,2024-07-16,144283,Pending,334,Zoya Mandal
316,2020-11-07,113449,Pending,812,Hridaan Bakshi
317,2021-04-11,63913,Approved,411,Chirag Chawla
318,2019-11-21,120155,Pending,636,Ela Deshpande
319,2021-10-28,52520,Pending,998,Keya Bhasin
320,2022-04-07,99063,Pending,349,Kavya Sastry
321,2024-06-23,45606,Rejected,606,Tanya Barad
322,2023-07-12,89074,Approved,581,Nishith Warrior
323,2021-06-17,158529,Rejected,711,Mishti Ganguly
324,2019-10-25,51050,Rejected,686,Suhana Dey
325,2024-08-30,20189,Rejected,588,Baiju Vig
326,2022-03-16,168166,Pending,607,Nakul Vaidya
327,2021-04-03,121235,Approved,569,Divit Tella
328,2021-03-20,24043,Approved,181,Hridaan Sastry
329,2024-03-23,65067,Approved,72,Nehmat Deo
330,2020-10-01,121661,Rejected,834,Dhruv Sandal
331,2023-01-06,121299,Approved,336,Piya Jayaraman
332,2021-04-28,101388,Rejected,63,Bhavin Lad
333,2024-04-11,22654,Pending,909,Farhan Walla
334,2023-06-11,118250,Rejected,830,Hansh Dara
335,2024-02-08,5036,Pending,677,Kiaan Konda
336,2019-12-03,34097,Rejected,299,Anya Sawhney
337,2022-04-22,81047,Rejected,458,Armaan Dara
338,2023-11-07,43155,Rejected,899,Indranil Chahal
339,2023-04-30,66737,Rejected,814,Kismat Desai
340,2020-11-03,183075,Approved,941,Gokul Gole
341,2024-05-06,188950,Approved,736,Eshani Gill
342,2020-07-06,196603,Approved,92,Mehul Dugar
343,2023-12-30,118632,Rejected,523,Yasmin Bhargava
344,2023-04-21,83819,Pending,873,Vedika Soni
345,2022-03-02,62366,Approved,923,Zain Tata
346,2024-01-22,112033,Pending,1,Zara Khatri
347,2020-09-15,142154,Approved,113,Jayan Sani
348,2020-04-20,172943,Pending,241,Urvi Balan
349,2021-04-25,89185,Rejected,404,Shayak Lad
350,2022-09-14,126917,Rejected,392,Divyansh Majumdar
351,2022-12-06,84176,Approved,559,Fateh Thaker
352,2020-04-03,46187,Pending,487,Reyansh Handa
353,2020-03-10,32118,Rejected,394,Kanav Sinha
354,2022-12-15,169449,Approved,861,Shayak Ravel
355,2023-03-08,86361,Approved,894,Diya Rajagopalan
356,2019-12-05,135663,Pending,12,Vardaniya Deshmukh
357,2020-03-18,18990,Pending,148,Hiran Saraf
358,2021-11-11,145661,Approved,674,Aaryahi Comar
359,2020-06-30,90163,Pending,87,Bhamini Taneja
360,2023-01-21,31758,Approved,881,Badal Bora
361,2023-08-28,93926,Rejected,619,Vivaan Mand
362,2024-10-05,186411,Rejected,185,Anahi Lalla
363,2024-07-09,93607,Approved,566,Anahita Kunda
364,2023-09-18,164914,Approved,364,Inaaya  Barad
365,2021-06-29,49019,Approved,620,Ryan Krish
366,2023-07-30,6449,Approved,868,Stuvan Basu
367,2019-11-29,147528,Rejected,514,Anika Dada
368,2019-10-26,57504,Rejected,591,Kabir Kuruvilla
369,2021-03-15,76559,Pending,582,Madhav Bhandari
370,2020-06-21,99237,Approved,116,Diya Chadha
371,2022-06-13,118152,Rejected,82,Seher Dora
372,2021-10-17,32707,Rejected,540,Raghav Sidhu
373,2022-04-26,196798,Approved,477,Vaibhav Mander
374,2023-10-02,105805,Rejected,912,Hunar Sunder
375,2022-08-03,123964,Pending,484,Madhup Doctor
376,2024-09-24,127979,Rejected,984,Tara Anne
377,2020-07-31,135400,Rejected,649,Aaina Lall
378,2021-09-22,110143,Rejected,320,Raghav Gole
379,2019-11-12,124543,Approved,548,Pranay Ben
380,2022-11-25,156813,Approved,465,Nitya Bassi
381,2021-06-27,104969,Approved,588,Lakshit Arya
382,2023-07-29,148094,Approved,362,Vidur Banik
383,2023-11-10,192313,Approved,297,Vidur Sarna
384,2020-09-15,37664,Rejected,946,Piya Sengupta
385,2023-03-22,121539,Approved,745,Zain Dugal
386,2024-05-19,158079,Approved,63,Yashvi Rege
387,2020-01-25,127714,Rejected,174,Gokul Lanka
388,2022-06-08,116708,Rejected,299,Drishya Bera
389,2024-05-07,162735,Rejected,28,Kaira Hegde
390,2020-12-27,60929,Pending,130,Vanya Dey
391,2021-12-19,103591,Approved,259,Bhavin Gade
392,2022-12-13,30845,Approved,282,Hridaan Varghese
393,2022-06-07,172282,Pending,760,Tanya Kashyap
394,2021-04-04,26752,Pending,932,Vritika Choudhry
395,2024-08-28,120395,Pending,675,Kiaan Sachar
396,2023-03-28,92097,Pending,268,Anay Sathe
397,2024-10-05,157593,Pending,497,Yuvraj  Aggarwal
398,2022-02-13,40258,Rejected,883,Faiyaz Khare
399,2021-02-21,11453,Pending,991,Darshit Warrior
400,2020-01-17,33289,Pending,858,Advika Bala
401,2023-02-14,101710,Approved,789,Eshani Guha
402,2021-11-13,79718,Rejected,451,Himmat Bedi
403,2024-06-10,146570,Pending,216,Vedika Mall
404,2024-09-13,117663,Approved,56,Shray Kunda
405,2021-12-06,130241,Pending,54,Zara Suri
406,2022-05-24,37682,Approved,488,Arnav Sood
407,2022-12-01,63767,Rejected,972,Dhruv Thaker
408,2021-02-25,151723,Rejected,240,Samar Hari
409,2022-10-01,79061,Rejected,400,Rania Dewan
410,2020-08-29,97545,Pending,544,Saksham Hora
411,2023-02-12,174704,Pending,296,Amira Batta
412,2022-08-27,185808,Approved,392,Trisha Sule
413,2020-10-03,137306,Rejected,700,Fateh Boase
414,2020-02-19,191395,Pending,940,Advik Ben
415,2024-03-30,108602,Approved,980,Rania Ganguly
416,2024-04-12,169627,Rejected,941,Tarini Gour
417,2024-08-24,132153,Approved,344,Ayesha Raval
418,2021-05-20,57714,Pending,262,Jivin Golla
419,2022-09-08,132597,Approved,473,Shray Karpe
420,2023-05-21,155764,Rejected,248,Stuvan Atwal
421,2021-10-28,148191,Rejected,789,Shray Viswanathan
422,2024-03-02,43011,Approved,694,Heer Bajwa
423,2024-03-10,139604,Pending,321,Chirag Krishnan
424,2023-06-21,111784,Rejected,9,Suhana Ahluwalia
425,2021-12-14,167179,Pending,422,Ranbir Bora
426,2021-03-04,24051,Pending,702,Hrishita Grover
427,2021-08-24,91959,Pending,743,Gatik Sant
428,2019-10-31,60243,Pending,35,Riya Dara
429,2021-08-31,9622,Pending,59,Aayush Mandal
430,2019-12-02,188009,Rejected,916,Aarush Bajwa
431,2021-11-27,167915,Rejected,654,Aaina Gera
432,2024-07-07,28749,Pending,89,Sara Warrior
433,2024-08-17,172006,Pending,385,Emir Walla
434,2022-05-22,132997,Rejected,580,Shayak Kalita
435,2022-08-20,161624,Pending,918,Hunar Tiwari
436,2022-10-18,26615,Pending,260,Ira Konda
437,2020-02-13,62441,Rejected,959,Manjari Gaba
438,2020-04-12,19764,Approved,945,Pihu Kashyap
439,2024-08-06,199073,Approved,709,Purab Hayre
440,2021-06-11,181161,Approved,264,Lavanya Varughese
441,2020-05-19,36583,Pending,284,Ela Singhal
442,2021-06-11,156536,Approved,398,Priyansh Lanka
443,2024-05-27,69868,Pending,265,Vaibhav Bhavsar
444,2023-04-12,191343,Approved,183,Dhanush Jhaveri
445,2021-06-14,90912,Approved,951,Ahana  Sampath
446,2023-11-04,44130,Approved,183,Amani Savant
447,2023-09-12,130869,Pending,148,Kabir Ram
448,2023-04-20,110423,Approved,224,Pari Subramaniam
449,2021-05-01,124723,Pending,935,Misha Bawa
450,2022-11-04,91108,Approved,106,Rhea Madan
451,2023-09-25,11798,Pending,586,Oorja Ravi
452,2022-01-20,146871,Approved,20,Prisha Biswas
453,2021-12-30,179820,Pending,669,Ishaan Sunder
454,2023-08-02,129865,Pending,681,Armaan Golla
455,2020-02-16,81144,Pending,717,Shayak Gara
456,2020-02-25,69317,Approved,589,Adah Bumb
457,2022-01-22,5722,Rejected,963,Hazel Baria
458,2024-06-04,155343,Approved,447,Ahana  Kuruvilla
459,2022-12-07,83763,Rejected,800,Divyansh Chowdhury
460,2024-09-07,163394,Pending,554,Kashvi Chaudhry
461,2024-04-09,49040,Approved,978,Biju Kanda
462,2022-03-03,139406,Approved,125,Rohan Vora
463,2021-03-26,115613,Approved,342,Divyansh Dara
464,2022-02-26,137958,Approved,57,Lakshit Majumdar
465,2021-04-14,128293,Rejected,93,Sahil Anand
466,2022-04-18,76244,Approved,83,Jayesh Dugal
467,2023-11-04,169030,Approved,664,Piya Seth
468,2021-06-21,44608,Rejected,41,Advika Shetty
469,2021-05-17,193665,Rejected,196,Zain Saini
470,2021-03-09,63280,Approved,918,Manikya Dada
471,2020-03-16,25820,Rejected,368,Nakul Dua
472,2022-07-06,99868,Rejected,449,Sahil Issac
473,2024-01-21,148388,Pending,37,Zaina Zacharia
474,2021-12-02,42653,Rejected,608,Chirag Shenoy
475,2020-02-28,51505,Approved,65,Ritvik Rama
476,2023-02-04,159584,Rejected,316,Ehsaan Kohli
477,2023-09-20,102438,Approved,990,Bhavin Srinivas
478,2023-10-27,199188,Pending,348,Kaira Rao
479,2020-06-13,15931,Rejected,44,Vivaan Kapoor
480,2023-05-15,84074,Pending,827,Anahita Andra
481,2024-09-08,132501,Rejected,470,Fateh Batra
482,2020-02-21,188318,Rejected,153,Riya Trivedi
483,2022-10-15,149505,Pending,948,Samiha Bumb
484,2022-07-06,19047,Rejected,145,Rania Issac
485,2020-12-07,100334,Pending,483,Bhavin Seshadri
486,2020-02-02,181900,Rejected,47,Eshani Arya
487,2022-10-01,52323,Rejected,134,Tara Vasa
488,2022-09-22,7801,Rejected,52,Akarsh Arora
489,2020-04-08,181409,Pending,468,Rohan Devan
490,2020-06-05,124189,Rejected,66,Aaryahi Varghese
491,2023-01-20,164471,Pending,117,Arnav Grover
492,2023-08-15,101943,Rejected,226,Charvi Grewal
493,2023-06-29,17306,Pending,437,Zaina Wagle
494,2021-05-25,70782,Rejected,695,Ishaan Bhandari
495,2023-08-22,83392,Pending,1000,Hrishita Mander
496,2021-04-28,138397,Rejected,141,Jivika Sarma
497,2019-12-27,67710,Pending,783,Kartik Karpe
498,2020-01-19,13889,Pending,344,Shanaya Comar
499,2023-11-14,17328,Approved,145,Rati Shanker
500,2020-01-18,152722,Pending,714,Kabir Agate
501,2021-08-23,77136,Pending,450,Sana Dewan
502,2024-03-21,52511,Rejected,42,Urvi Bobal
503,2021-09-26,31007,Rejected,628,Anya Goswami
504,2023-05-19,78346,Pending,17,Anika Ramesh
505,2022-02-08,176527,Pending,7,Vidur Verma
506,2024-06-10,6409,Pending,724,Lagan Thakur
507,2021-05-21,132092,Approved,427,Farhan Singh
508,2022-04-19,140233,Approved,709,Indrans Kadakia
509,2024-07-30,29744,Pending,656,Aradhya Kannan
510,2022-11-09,57835,Approved,422,Myra Dhar
511,2023-07-10,51654,Pending,626,Eva Gara
512,2023-07-15,139876,Rejected,185,Vihaan Tara
513,2022-05-07,144854,Rejected,974,Dhruv Soni
514,2024-10-01,22164,Approved,357,Raghav Biswas
515,2023-08-14,86663,Rejected,242,Prerak Hans
516,2024-05-19,42421,Rejected,98,Neysa Randhawa
517,2024-07-24,125690,Rejected,520,Divij Iyengar
518,2022-09-29,47759,Rejected,676,Jivin Sama
519,2024-03-27,45581,Pending,199,Lakshay Gade
520,2020-09-20,26972,Pending,702,Ira Kaur
521,2023-11-21,169537,Approved,510,Nakul Dayal
522,2020-05-19,39383,Rejected,945,Raunak Mammen
523,2023-11-15,13408,Rejected,373,Advika Doctor
524,2023-08-03,60588,Approved,258,Vanya Chaudhari
525,2024-10-09,70187,Approved,45,Nirvi Sen
526,2020-06-17,25362,Pending,948,Kartik Bandi
527,2024-04-04,109785,Pending,805,Urvi Tara
528,2021-04-29,10668,Rejected,119,Aradhya Vohra
529,2024-08-21,18818,Pending,739,Bhavin Vohra
530,2023-04-16,91740,Rejected,334,Advika Sama
531,2022-03-17,86718,Rejected,694,Aayush Gandhi
532,2020-01-23,180183,Pending,798,Anaya Loke
533,2022-04-27,26476,Pending,101,Jayant Bora
534,2020-05-24,51238,Approved,891,Lakshay Deep
535,2023-04-07,43991,Pending,76,Divij Lata
536,2023-03-31,96843,Approved,56,Trisha Bhandari
537,2022-09-30,178645,Pending,222,Dharmajan Bhatti
538,2020-05-05,185938,Approved,183,Devansh Sandhu
539,2021-10-15,80529,Pending,469,Mishti Randhawa
540,2024-01-27,145365,Rejected,368,Misha Bajwa
541,2024-04-28,195233,Pending,344,Nitara Kumar
542,2023-06-09,29806,Rejected,583,Vedika Bhagat
543,2021-12-16,16632,Pending,114,Yuvraj  Swamy
544,2020-04-02,171072,Approved,429,Bhamini Amble
545,2022-10-12,38384,Approved,226,Mannat Johal
546,2023-09-28,177850,Rejected,161,Emir Yadav
547,2022-08-26,158962,Rejected,976,Rania Verma
548,2021-03-16,124248,Pending,592,Vidur Dube
549,2020-06-18,194176,Pending,89,Prerak Hans
550,2022-12-26,85281,Rejected,501,Indrans Sankaran
551,2022-11-16,173129,Pending,606,Jhanvi Kara
552,2021-06-19,97330,Approved,286,Farhan Gupta
553,2024-06-03,7828,Approved,754,Hiran Agate
554,2021-05-01,175157,Pending,336,Yasmin Wagle
555,2023-09-28,89679,Pending,914,Dharmajan Chhabra
556,2020-06-27,185859,Pending,936,Biju Bora
557,2020-07-02,116872,Pending,428,Kismat Lad
558,2020-03-28,196136,Pending,482,Saira Singhal
559,2024-05-04,148028,Rejected,35,Ahana  Sankar
560,2022-06-25,88011,Approved,491,Taran Kapoor
561,2023-12-08,162895,Rejected,842,Riaan Sankar
562,2021-08-23,24110,Approved,247,Jhanvi Chana
563,2021-10-01,21203,Pending,710,Kanav Bhatt
564,2020-05-13,147698,Pending,136,Zeeshan Hayer
565,2024-09-26,74889,Pending,664,Misha Kuruvilla
566,2021-12-02,199796,Pending,492,Khushi Kunda
567,2019-11-20,135462,Pending,721,Vidur Rama
568,2024-03-10,94560,Rejected,766,Lagan Biswas
569,2024-09-18,118814,Approved,475,Saksham Kumer
570,2022-02-14,155508,Rejected,416,Aaryahi Bobal
571,2023-11-02,41064,Approved,642,Neelofar Chandran
572,2023-10-08,95538,Rejected,2,Mishti Bora
573,2022-01-03,172775,Pending,395,Vihaan Vala
574,2024-04-08,179220,Approved,544,Stuvan Manda
575,2024-05-30,11379,Approved,771,Lavanya Balasubramanian
576,2023-01-12,57609,Rejected,556,Aniruddh Mangat
577,2022-04-30,117170,Pending,807,Eshani Chaudhary
578,2020-04-07,138510,Rejected,902,Hunar Uppal
579,2023-06-04,70460,Pending,528,Yuvaan Sem
580,2022-08-16,189338,Rejected,373,Jayesh Desai
581,2022-01-30,178156,Pending,393,Vidur Dara
582,2020-07-02,76290,Rejected,42,Samiha Lanka
583,2022-03-09,76286,Pending,664,Piya Bail
584,2024-09-23,113964,Pending,575,Amira Dua
585,2024-10-14,143321,Pending,142,Piya Mander
586,2020-03-06,196344,Pending,553,Piya Baral
587,2021-01-08,27144,Approved,756,Armaan Chand
588,2020-06-06,188134,Rejected,893,Neysa Bava
589,2020-12-24,192025,Pending,772,Dhanush Cheema
590,2023-01-23,150278,Pending,329,Arhaan Gaba
591,2022-04-11,73779,Approved,516,Saanvi Hari
592,2022-08-17,137644,Approved,56,Manikya Konda
593,2019-11-14,17357,Approved,464,Tiya Luthra
594,2023-08-25,99814,Rejected,850,Anika Grewal
595,2020-06-17,28928,Rejected,545,Suhana Bajaj
596,2021-07-20,137270,Rejected,922,Indranil Seshadri
597,2023-06-20,61992,Rejected,377,Anika Dara
598,2022-03-30,160981,Rejected,829,Diya Shenoy
599,2022-03-30,195726,Pending,193,Ishaan Kala
600,2023-10-13,178921,Approved,90,Hazel Dubey
601,2023-05-24,20633,Pending,296,Myra Choudhary
602,2020-06-18,191860,Pending,112,Zara Chawla
603,2020-12-29,37129,Pending,714,Mehul Magar
604,2022-10-24,33851,Pending,896,Nirvaan Kapoor
605,2023-07-02,44830,Rejected,24,Miraan Bala
606,2022-10-29,62168,Rejected,555,Heer Chahal
607,2020-06-16,186686,Approved,356,Shanaya Dewan
608,2022-09-15,86925,Rejected,661,Inaaya  Borde
609,2020-12-24,9189,Pending,65,Lagan Batra
610,2020-12-17,9297,Pending,855,Indrajit Gokhale
611,2022-11-30,189753,Rejected,344,Sara Randhawa
612,2021-03-27,85280,Approved,672,Akarsh Khare
613,2024-06-04,130980,Approved,498,Priyansh Bhakta
614,2020-11-20,120705,Rejected,543,Anahita Anne
615,2023-04-24,169172,Approved,469,Bhavin Karnik
616,2024-01-15,64296,Pending,920,Rohan Date
617,2022-09-22,158923,Pending,809,Sara Tella
618,2023-10-16,55701,Approved,381,Neysa Ramachandran
619,2023-07-13,194291,Pending,152,Ehsaan Dalia
620,2020-09-27,73859,Approved,980,Zara Shroff
621,2023-05-03,37441,Pending,729,Lakshay Bhardwaj
622,2020-02-26,109387,Pending,997,Rohan Brar
623,2023-02-05,39195,Rejected,710,Samar Rama
624,2023-06-15,181419,Pending,166,Kaira Dey
625,2023-06-09,51392,Pending,325,Umang Kunda
626,2021-08-15,117032,Approved,267,Zara Ahuja
627,2024-09-02,77086,Pending,576,Kartik Varty
628,2022-09-30,142891,Rejected,325,Damini Sawhney
629,2023-11-08,195714,Pending,382,Uthkarsh Chandran
630,2021-05-25,92444,Pending,547,Stuvan Badal
631,2021-05-24,63804,Pending,415,Myra Banik
632,2021-02-12,186558,Pending,971,Ryan Chanda
633,2020-09-28,94318,Approved,160,Jayant Dalal
634,2024-06-24,5837,Rejected,560,Ishaan Varma
635,2024-03-12,195242,Approved,663,Ayesha Dash
636,2023-07-02,142563,Approved,918,Sara Walla
637,2022-06-02,61516,Rejected,683,Arnav Gulati
638,2022-06-19,33681,Rejected,747,Samiha Sha
639,2020-10-18,181842,Approved,347,Nitara Rau
640,2022-01-27,139384,Rejected,491,Shanaya Sahota
641,2021-11-03,180534,Pending,695,Zain Bora
642,2021-05-29,112437,Approved,26,Vedika Arya
643,2021-04-07,83318,Pending,457,Dhanuk Venkataraman
644,2020-10-30,74692,Approved,57,Aarush Sankar
645,2020-03-06,123589,Pending,598,Arnav Luthra
646,2020-12-28,107655,Approved,201,Gokul Bala
647,2022-11-09,9397,Rejected,870,Hansh Shere
648,2021-03-22,91864,Rejected,981,Hrishita Raj
649,2021-10-20,22039,Rejected,404,Veer Sinha
650,2020-03-22,42918,Approved,618,Riaan Kala
651,2023-01-22,122990,Pending,931,Alia Bhardwaj
652,2019-12-08,135019,Approved,152,Reyansh Keer
653,2024-05-13,144613,Approved,379,Prerak Tailor
654,2023-10-07,80292,Pending,292,Jivika Rana
655,2020-08-25,72259,Approved,457,Aradhya Char
656,2024-08-18,175489,Pending,221,Vritika Hayre
657,2023-05-13,146931,Approved,760,Bhavin Shah
658,2023-03-25,198556,Approved,296,Anahi Sekhon
659,2023-06-16,36939,Rejected,994,Jivin Kaul
660,2021-06-23,180056,Rejected,918,Aarna Anne
661,2021-10-31,85768,Rejected,613,Baiju Bose
662,2022-05-26,21785,Pending,311,Abram Hegde
663,2021-07-01,97550,Rejected,344,Seher Kata
664,2020-04-26,17893,Rejected,775,Indrans Uppal
665,2022-02-22,78276,Pending,420,Nitara Kala
666,2021-12-27,129567,Approved,425,Adah Yadav
667,2022-05-09,39104,Approved,728,Heer Johal
668,2023-01-10,115744,Pending,205,Vivaan Som
669,2021-12-19,41271,Approved,297,Mannat Varty
670,2020-10-28,113004,Pending,843,Ivan Saxena
671,2024-02-06,166118,Rejected,312,Aayush Anand
672,2019-11-05,101350,Rejected,475,Rasha Bhakta
673,2021-08-08,48781,Pending,158,Prerak Chandran
674,2023-08-10,56222,Rejected,855,Ayesha Setty
675,2020-08-19,129129,Pending,670,Tara Khanna
676,2021-11-05,134853,Approved,428,Kanav Chana
677,2021-01-20,39978,Rejected,661,Samaira Saini
678,2024-05-31,52726,Pending,784,Mamooty Khosla
679,2023-06-10,59057,Pending,614,Nayantara Sethi
680,2021-01-01,150385,Rejected,493,Saira Dalal
681,2022-02-01,115287,Approved,644,Azad Bhardwaj
682,2022-09-18,138753,Rejected,838,Fateh Keer
683,2024-01-02,28319,Rejected,751,Tushar Kashyap
684,2024-05-21,117176,Approved,167,Adira Baral
685,2020-02-29,118423,Pending,328,Armaan Andra
686,2022-10-17,94904,Rejected,139,Gatik Lanka
687,2023-01-17,74690,Pending,280,Nayantara Setty
688,2022-01-31,75427,Rejected,934,Mahika Shetty
689,2021-10-31,191255,Pending,297,Mishti Chauhan
690,2022-05-14,61875,Rejected,959,Reyansh Bala
691,2020-11-22,19981,Pending,785,Khushi Rege
692,2023-02-10,127466,Pending,614,Dhruv Dutta
693,2022-10-05,151763,Rejected,331,Parinaaz Lall
694,2020-03-17,175126,Rejected,820,Damini Khosla
695,2022-12-15,63709,Rejected,715,Trisha Gara
696,2023-09-22,139228,Pending,548,Divyansh Sant
697,2021-08-09,118109,Pending,14,Diya Singh
698,2021-09-13,31705,Approved,382,Kartik Korpal
699,2020-04-06,156868,Approved,349,Raghav Dave
700,2023-02-07,184577,Pending,105,Advik Ben
701,2021-06-27,47486,Rejected,227,Nirvaan Kulkarni
702,2022-12-03,167157,Rejected,629,Emir Maharaj
703,2022-06-06,139482,Rejected,867,Mannat Chowdhury
704,2021-03-03,108759,Rejected,720,Seher Dey
705,2022-07-21,152480,Pending,428,Azad Bali
706,2023-10-20,94796,Pending,120,Nishith Contractor
707,2023-12-12,164675,Pending,492,Darshit Bajwa
708,2023-05-24,72901,Rejected,372,Kartik Iyer
709,2020-03-06,32108,Approved,912,Ritvik Subramanian
710,2024-08-10,197578,Rejected,782,Dharmajan Chanda
711,2023-10-29,194172,Pending,727,Dhanush Ratti
712,2020-02-16,64413,Rejected,835,Vidur Butala
713,2023-11-21,28126,Pending,878,Saksham Kadakia
714,2019-10-21,140378,Rejected,233,Rania Apte
715,2022-05-12,64949,Pending,134,Dishani Kalla
716,2023-02-08,196316,Approved,708,Manjari Gole
717,2023-01-26,153790,Pending,80,Divyansh Basak
718,2024-07-13,8667,Approved,776,Ira Mani
719,2020-11-26,89093,Pending,111,Renee Anand
720,2023-11-22,11395,Rejected,526,Damini Kale
721,2022-05-23,120669,Approved,122,Taran Mand
722,2021-10-27,182163,Pending,68,Keya Koshy
723,2022-07-16,63821,Pending,773,Kiaan Sant
724,2023-01-05,23818,Pending,943,Faiyaz Deep
725,2024-09-20,122349,Rejected,923,Damini Rau
726,2023-04-10,44005,Rejected,360,Ela Sankar
727,2023-03-30,10706,Pending,867,Nirvi Khanna
728,2022-07-10,150509,Approved,972,Inaaya  Kalita
729,2021-08-28,118052,Approved,165,Samar Sahni
730,2022-02-20,171752,Rejected,628,Ranbir Sama
731,2021-03-30,52155,Rejected,70,Aniruddh Joshi
732,2024-08-19,24326,Rejected,782,Shayak Soman
733,2022-09-21,7727,Pending,733,Baiju Ahluwalia
734,2021-06-27,42352,Approved,176,Hazel Balan
735,2024-06-30,180824,Rejected,5,Tushar Jain
736,2021-11-22,194848,Pending,947,Shanaya Dhillon
737,2020-08-16,46733,Rejected,872,Dishani Lad
738,2022-10-06,143012,Approved,715,Riaan Mallick
739,2024-06-13,119929,Approved,690,Dharmajan Warrior
740,2021-05-22,191761,Pending,855,Samaira Bumb
741,2023-08-27,74190,Approved,435,Dishani Srinivasan
742,2021-08-02,46783,Pending,418,Badal Kothari
743,2024-10-05,27005,Approved,127,Hiran Krishna
744,2020-06-22,95851,Rejected,140,Veer Saini
745,2023-11-01,101684,Approved,722,Ayesha Kara
746,2020-08-07,61213,Rejected,42,Aarush Chowdhury
747,2022-03-22,21038,Approved,119,Jayant Bala
748,2023-12-25,80032,Approved,615,Adira Bali
749,2024-01-15,148554,Rejected,1000,Samar Karan
750,2022-01-11,169013,Pending,568,Anika Rattan
751,2020-05-14,84420,Approved,194,Navya Lalla
752,2019-11-07,172071,Approved,962,Vritika Balasubramanian
753,2020-01-16,137431,Pending,14,Divij Comar
754,2021-10-31,199751,Approved,689,Piya Ray
755,2021-03-27,25509,Approved,536,Raghav Tella
756,2024-06-17,133417,Pending,123,Onkar Agrawal
757,2020-06-24,32957,Approved,712,Samiha Tara
758,2021-11-27,120159,Pending,760,Emir Goel
759,2024-07-21,185432,Pending,67,Kavya Borde
760,2023-10-08,75923,Pending,347,Hunar Deol
761,2022-04-04,44051,Approved,126,Neelofar Kapur
762,2023-05-19,50410,Approved,743,Samarth Gulati
763,2020-06-11,102326,Rejected,785,Aaryahi Mand
764,2024-09-05,118474,Approved,775,Umang Zacharia
765,2024-06-10,158951,Rejected,966,Lagan Issac
766,2022-08-05,83046,Approved,683,Sahil Kohli
767,2020-03-07,122617,Approved,497,Riaan Kurian
768,2023-09-23,104726,Pending,787,Lavanya Chanda
769,2019-12-06,93654,Pending,257,Mamooty Lal
770,2020-12-01,100422,Pending,644,Shray Kakar
771,2020-10-31,188769,Pending,102,Hazel Ravi
772,2024-09-28,148871,Pending,511,Inaaya  Wali
773,2020-05-26,137231,Pending,392,Uthkarsh Jaggi
774,2023-04-21,122894,Approved,157,Veer Sethi
775,2024-09-07,64037,Rejected,99,Samiha Sekhon
776,2023-09-11,153233,Rejected,770,Pari Arya
777,2024-01-28,106390,Approved,812,Rasha Srinivasan
778,2023-01-03,95874,Approved,678,Amani Zachariah
779,2022-04-29,102090,Rejected,268,Umang Trivedi
780,2023-08-18,110775,Rejected,560,Nitara Dutta
781,2023-10-01,8446,Pending,441,Adira Khosla
782,2021-08-15,176625,Pending,393,Arnav Zacharia
783,2023-09-26,92773,Approved,454,Arhaan Setty
784,2023-04-21,94633,Pending,182,Kartik Sagar
785,2021-11-30,113550,Approved,906,Miraan Toor
786,2021-09-15,142682,Approved,442,Ranbir Kaur
787,2022-03-16,31225,Rejected,399,Nitya Sem
788,2021-04-18,100054,Pending,583,Charvi Mand
789,2024-01-21,136630,Rejected,568,Shayak Kapur
790,2020-03-31,138648,Rejected,482,Nirvaan Roy
791,2024-06-08,97803,Pending,519,Pranay Trivedi
792,2023-03-24,15869,Approved,507,Shanaya Sharaf
793,2022-11-10,120254,Approved,632,Dhanush Karpe
794,2021-08-03,136915,Approved,329,Darshit Dash
795,2021-08-27,16978,Rejected,47,Navya Ganesan
796,2024-03-04,29999,Approved,358,Pihu Mammen
797,2024-10-07,162863,Rejected,28,Yasmin Ratti
798,2024-02-15,154213,Rejected,350,Ivan Saxena
799,2021-02-17,79212,Approved,354,Shamik Soni
800,2024-01-21,198429,Approved,360,Miraya Shukla
801,2021-08-28,16008,Pending,254,Drishya Lal
802,2024-05-16,50751,Approved,607,Charvi Talwar
803,2020-01-28,21564,Rejected,68,Kismat Setty
804,2024-10-02,174443,Pending,346,Rania Samra
805,2019-11-21,38107,Rejected,334,Gokul Chandra
806,2020-07-05,12289,Rejected,885,Seher Dhaliwal
807,2021-09-18,87382,Rejected,924,Ritvik Ratta
808,2020-06-21,87129,Pending,713,Sahil Warrior
809,2023-08-31,96591,Pending,325,Navya Mahajan
810,2022-03-25,78659,Approved,331,Aradhya Bhatia
811,2020-10-02,116645,Approved,103,Tanya Solanki
812,2021-02-23,139718,Pending,345,Manjari Lalla
813,2022-06-29,101863,Rejected,348,Nakul Dave
814,2021-07-09,37492,Approved,373,Umang Thakur
815,2020-03-15,194038,Pending,509,Ehsaan Joshi
816,2021-01-01,128912,Pending,861,Amani Chakraborty
817,2022-01-24,170815,Pending,295,Dishani Raman
818,2023-01-11,56705,Approved,588,Jhanvi Salvi
819,2023-12-29,83395,Pending,640,Dharmajan Walia
820,2021-11-25,149863,Pending,735,Divyansh Grewal
821,2023-03-10,169616,Pending,607,Alia Balasubramanian
822,2020-05-03,70683,Pending,581,Diya Kaul
823,2020-10-24,161231,Approved,438,Faiyaz Aggarwal
824,2022-01-29,45899,Pending,668,Saanvi Ramaswamy
825,2024-09-01,165629,Rejected,824,Saanvi Walia
826,2020-03-09,63482,Rejected,553,Zoya Baral
827,2024-03-10,66104,Approved,412,Indrajit Chadha
828,2020-06-21,53997,Rejected,465,Ehsaan Mall
829,2024-10-04,135954,Rejected,185,Arhaan Dugar
830,2020-02-06,176775,Rejected,721,Sahil Hans
831,2020-09-23,105664,Pending,591,Anika Dani
832,2022-04-25,102345,Rejected,986,Anya Yogi
833,2021-12-26,165662,Approved,275,Ranbir Jani
834,2022-09-28,187747,Rejected,829,Rohan Gade
835,2020-07-13,124812,Approved,958,Nishith Vasa
836,2021-07-23,115393,Rejected,62,Tejas Raj
837,2020-06-09,106843,Approved,474,Yashvi Shroff
838,2022-05-15,33810,Pending,765,Stuvan Sagar
839,2023-04-18,138635,Approved,865,Kartik Arora
840,2021-06-22,89901,Approved,881,Krish Dada
841,2024-02-29,166892,Pending,650,Saanvi Dube
842,2024-02-18,44694,Approved,274,Shamik Andra
843,2020-04-07,165624,Rejected,165,Ritvik Deep
844,2021-07-30,55007,Rejected,242,Jayesh Yogi
845,2022-07-02,84144,Pending,154,Chirag Mander
846,2020-07-19,42424,Pending,817,Tejas Dalia
847,2023-03-09,166310,Approved,498,Anahi Anne
848,2023-02-22,114166,Approved,433,Mannat Kala
849,2023-11-19,131150,Pending,207,Dishani Rattan
850,2020-08-23,36075,Pending,30,Prerak Bali
851,2022-06-06,55387,Approved,675,Indrajit Devan
852,2022-02-22,112388,Rejected,873,Raghav Solanki
853,2024-10-08,13235,Rejected,498,Piya Tara
854,2022-06-29,157536,Pending,881,Shray Arora
855,2024-08-28,179819,Approved,617,Oorja Deo
856,2021-06-21,63106,Pending,923,Sara Shukla
857,2020-06-12,191242,Approved,688,Arnav Wali
858,2023-01-09,133199,Pending,407,Kismat Bose
859,2021-12-29,188917,Rejected,863,Tejas Bawa
860,2021-07-17,32409,Pending,585,Amani Basak
861,2020-03-21,148224,Pending,535,Rohan Ranganathan
862,2024-10-04,134522,Rejected,973,Jayant Kala
863,2022-03-09,156148,Rejected,258,Ela Deo
864,2023-10-26,101808,Pending,244,Sana Ramaswamy
865,2024-07-28,121965,Approved,338,Kashvi Suresh
866,2021-02-23,167305,Rejected,400,Taran Bajwa
867,2020-08-11,162139,Rejected,242,Lakshit Dar
868,2024-08-15,187423,Pending,148,Nirvi Dara
869,2023-02-16,25829,Pending,994,Samar Manne
870,2021-09-03,58537,Approved,261,Ishita Kala
871,2022-11-16,173265,Pending,503,Siya Srivastava
872,2020-10-26,109027,Rejected,972,Rania Venkataraman
873,2021-03-28,27027,Rejected,434,Kaira Sharaf
874,2020-09-20,97597,Pending,987,Diya Sodhi
875,2021-08-09,59158,Pending,372,Anay Kala
876,2021-04-11,97668,Approved,842,Tara Lata
877,2020-10-05,65093,Rejected,991,Neysa Rastogi
878,2021-04-01,181520,Pending,862,Tejas Bhardwaj
879,2023-04-30,149193,Pending,708,Kaira Basu
880,2024-01-01,183904,Rejected,246,Yakshit Bhat
881,2024-09-04,54332,Approved,317,Aayush Korpal
882,2020-07-12,129595,Rejected,372,Anaya Bobal
883,2021-01-26,181116,Rejected,125,Manikya Sarraf
884,2022-07-30,109308,Pending,879,Nishith Setty
885,2021-08-02,91269,Pending,932,Lagan Barman
886,2022-12-23,192346,Approved,309,Sumer Kalita
887,2021-03-24,22599,Pending,305,Saira Biswas
888,2022-06-13,46025,Pending,938,Rasha Thakkar
889,2019-12-28,90575,Approved,901,Saanvi Saraf
890,2020-01-16,163388,Rejected,417,Ehsaan Deol
891,2023-08-07,158917,Approved,888,Divij Shukla
892,2023-06-15,20618,Approved,483,Hazel Sama
893,2024-05-19,148704,Approved,735,Dhanuk Loyal
894,2020-11-23,87361,Pending,845,Reyansh Hans
895,2024-06-16,36267,Approved,519,Divit Iyengar
896,2021-06-16,17942,Approved,617,Hansh Ram
897,2023-12-15,147200,Rejected,756,Lakshit Lal
898,2023-06-22,68720,Rejected,29,Nayantara Verma
899,2023-07-16,153585,Rejected,657,Hridaan Sehgal
900,2021-03-08,40829,Approved,811,Hiran Biswas
901,2021-12-12,130014,Pending,411,Adah Chaudhry
902,2023-08-28,44015,Approved,322,Vihaan Kunda
903,2020-06-21,117283,Pending,162,Shlok Dass
904,2020-09-08,53673,Rejected,993,Shlok Bir
905,2024-03-28,154683,Rejected,782,Hrishita Dey
906,2023-11-10,30368,Rejected,703,Manjari Aggarwal
907,2022-03-01,85012,Approved,463,Anahita Dhaliwal
908,2020-07-27,98281,Rejected,137,Aarna Dugal
909,2021-08-18,55833,Rejected,608,Priyansh Barad
910,2019-10-31,166220,Approved,204,Amira Raj
911,2022-05-08,21458,Approved,187,Veer Sant
912,2022-07-16,81731,Approved,968,Tanya Gill
913,2021-08-24,167762,Rejected,230,Kavya Dasgupta
914,2020-11-22,9043,Pending,946,Rohan Tiwari
915,2022-02-01,113913,Rejected,642,Ranbir Seth
916,2022-12-26,49598,Pending,998,Kashvi Raj
917,2022-12-10,95173,Approved,719,Aarush Shetty
918,2024-06-25,171107,Pending,411,Anya Dutt
919,2022-01-17,125511,Rejected,267,Himmat Sekhon
920,2024-06-05,34104,Approved,175,Shanaya Dyal
921,2023-08-20,189712,Pending,15,Aaryahi Kakar
922,2021-04-25,145124,Approved,792,Vritika Saxena
923,2019-10-22,184398,Approved,848,Renee Kala
924,2021-04-11,136354,Pending,230,Anay Doctor
925,2021-06-18,144145,Pending,969,Ahana  Bhatia
926,2022-01-02,173078,Approved,295,Ira Khanna
927,2021-03-16,150556,Approved,134,Ela Dass
928,2024-10-09,89105,Pending,615,Aaryahi Bhardwaj
929,2022-10-07,47035,Approved,745,Ela Viswanathan
930,2021-10-28,137052,Approved,185,Samarth Sheth
931,2023-06-02,84662,Pending,30,Samiha Bal
932,2024-07-24,61588,Approved,242,Diya Chahal
933,2019-12-26,125448,Pending,379,Nayantara Krishnamurthy
934,2019-11-03,118666,Rejected,470,Jayan Badami
935,2024-09-26,21719,Approved,137,Taimur Chakrabarti
936,2020-10-12,174931,Rejected,408,Neelofar Sarraf
937,2022-02-17,138936,Rejected,393,Kiaan Ravi
938,2022-09-28,143148,Rejected,612,Ayesha Mandal
939,2020-07-01,54964,Pending,571,Badal Sethi
940,2021-02-19,16457,Approved,954,Vanya Mannan
941,2020-11-30,50794,Approved,621,Ivan Dugar
942,2020-07-17,188168,Rejected,727,Abram Sunder
943,2021-03-25,150907,Pending,6,Anvi Ram
944,2024-07-30,54463,Rejected,391,Taran Toor
945,2023-09-30,63989,Approved,688,Shamik Subramaniam
946,2021-12-07,77326,Rejected,43,Jayan Kale
947,2020-02-03,118195,Approved,174,Jayesh Trivedi
948,2021-04-03,103231,Approved,899,Badal Majumdar
949,2019-11-03,96277,Pending,325,Anika Rege
950,2020-01-28,143500,Approved,146,Mehul Khosla
951,2024-05-06,55779,Approved,46,Ayesha Bera
952,2022-10-03,195811,Approved,893,Vaibhav Madan
953,2022-08-04,194807,Approved,766,Ritvik Halder
954,2019-12-01,75315,Approved,290,Kashvi Buch
955,2020-03-24,181045,Approved,628,Farhan Gola
956,2020-07-08,166770,Approved,530,Hiran Roy
957,2024-02-22,66037,Pending,324,Veer Bajaj
958,2019-12-26,148690,Approved,783,Prisha Dhillon
959,2024-09-19,190260,Rejected,874,Faiyaz Behl
960,2023-07-25,184956,Rejected,818,Umang Manne
961,2020-05-02,90798,Pending,153,Yuvaan Divan
962,2024-01-23,15641,Pending,37,Nishith Keer
963,2020-11-14,96698,Pending,723,Mannat Samra
964,2019-12-26,96091,Pending,917,Hunar Dugar
965,2024-09-12,185805,Pending,453,Dishani Dewan
966,2024-03-27,74521,Rejected,575,Priyansh Sidhu
967,2021-10-02,99614,Approved,116,Jivika Sani
968,2023-07-23,169938,Pending,127,Mishti Korpal
969,2020-06-08,73173,Pending,890,Sahil Saha
970,2021-05-15,60403,Pending,768,Pari Rao
971,2022-07-23,104204,Approved,577,Dhanush Subramaniam
972,2024-09-30,178724,Rejected,218,Advika Sampath
973,2024-01-11,118792,Pending,539,Azad Kaur
974,2020-07-21,154535,Pending,427,Seher Rout
975,2020-03-15,184481,Pending,787,Tejas Chandra
976,2021-08-31,102132,Pending,909,Mamooty Zacharia
977,2022-10-10,69088,Approved,698,Farhan Rattan
978,2023-10-20,196360,Pending,404,Krish Deol
979,2019-11-24,77844,Pending,858,Suhana Raval
980,2020-07-16,68090,Pending,84,Samarth Lata
981,2024-06-03,94745,Rejected,676,Aaina Dasgupta
982,2020-09-27,98572,Rejected,979,Nitya Choudhry
983,2024-05-30,57517,Rejected,6,Bhavin Guha
984,2020-09-26,69238,Pending,672,Shlok Doshi
985,2021-01-15,126361,Approved,333,Faiyaz Uppal
986,2024-03-29,189747,Rejected,929,Manjari Dave
987,2020-10-11,191694,Rejected,133,Samaira Savant
988,2023-02-02,46217,Pending,821,Oorja Mannan
989,2022-08-29,130511,Approved,818,Anika Chauhan
990,2021-10-13,15829,Pending,561,Neysa Hayer
991,2023-05-27,190621,Approved,95,Ira Bhasin
992,2022-03-04,82777,Pending,246,Dhruv Chopra
993,2023-08-20,193185,Approved,92,Akarsh Singhal
994,2019-10-22,9000,Pending,167,Jiya Mahajan
995,2020-04-18,80758,Approved,292,Emir Agate
996,2023-04-16,131198,Rejected,158,Ivana Butala
997,2021-05-05,28517,Approved,821,Purab Dalal
998,2021-02-25,89310,Approved,926,Shray Som
999,2022-01-22,138568,Pending,368,Dhanush Sama
1000,2024-03-04,134776,Approved,525,Nayantara Mann
1001,2023-12-12,43975,Approved,907,Shaan Bali
1002,2023-08-19,80677,Approved,577,Shray Dhar
1003,2021-10-30,122066,Pending,775,Kavya Mallick
1004,2020-02-24,87395,Approved,629,Purab Goswami
1005,2021-12-26,41339,Rejected,437,Aniruddh Dhar
1006,2022-02-14,23125,Rejected,350,Eshani Bajaj
1007,2020-05-23,194788,Rejected,230,Aarush Joshi
1008,2024-10-16,131284,Rejected,159,Yakshit Ramesh
1009,2024-05-27,186480,Rejected,645,Lavanya Loyal
1010,2021-08-21,131209,Pending,298,Kanav Basak
1011,2023-03-09,96303,Pending,929,Khushi Sibal
1012,2021-03-27,161301,Approved,153,Yasmin Hans
1013,2022-04-02,196916,Rejected,925,Tarini Toor
1014,2021-10-28,63580,Pending,536,Alia Ghose
1015,2019-10-30,88408,Rejected,49,Jivika Tank
1016,2024-09-09,112444,Pending,526,Neysa Kale
1017,2022-03-02,25988,Approved,423,Ela Bhardwaj
1018,2020-04-24,23424,Rejected,738,Alia Bhakta
1019,2020-04-16,115853,Approved,364,Ahana  Ratta
1020,2022-12-31,54698,Pending,788,Divyansh Andra
1021,2022-07-29,103172,Pending,759,Anay Madan
1022,2023-01-21,134008,Pending,806,Madhav Sengupta
1023,2024-01-17,40531,Approved,47,Kavya Deshpande
1024,2022-10-24,21242,Rejected,305,Riya Lata
1025,2021-06-20,66220,Rejected,466,Dharmajan Lala
1026,2022-11-25,152684,Approved,639,Veer Sha
1027,2022-08-18,162528,Approved,990,Jivika Das
1028,2021-12-23,184032,Pending,217,Diya Bera
1029,2021-01-22,41092,Rejected,619,Ela Mahal
1030,2024-03-04,55567,Rejected,109,Aarush Keer
1031,2024-07-19,89591,Pending,6,Renee Ratti
1032,2021-10-30,82012,Pending,176,Biju Baria
1033,2023-10-02,132881,Approved,709,Mishti Tandon
1034,2021-08-28,83993,Rejected,989,Ayesha Ratti
1035,2024-04-08,150128,Rejected,499,Anahi Shankar
1036,2023-05-29,64046,Rejected,370,Nishith Sekhon
1037,2021-04-09,139679,Rejected,692,Shamik Lanka
1038,2024-06-06,82024,Approved,90,Dharmajan Sabharwal
1039,2020-10-16,29392,Pending,196,Sara Kannan
1040,2023-09-29,26823,Pending,713,Divyansh Wadhwa
1041,2022-11-20,194251,Pending,215,Inaaya  Aurora
1042,2023-08-18,98818,Pending,666,Sahil Bhatnagar
1043,2022-01-15,52147,Rejected,879,Anahita Kalla
1044,2019-12-20,159052,Pending,89,Onkar Virk
1045,2020-12-25,63679,Approved,152,Mahika Kapadia
1046,2023-04-20,97428,Pending,120,Charvi Batra
1047,2021-05-13,37391,Pending,757,Onkar Dixit
1048,2022-10-12,142007,Approved,483,Yasmin Kannan
1049,2024-08-20,8827,Approved,600,Dhruv Rajan
1050,2023-02-16,52313,Approved,584,Onkar Mangat
1051,2019-12-15,166743,Approved,53,Nirvi Sarraf
1052,2022-01-20,70101,Pending,646,Rania Vyas
1053,2024-10-19,170288,Approved,426,Shamik Doshi
1054,2022-05-12,170480,Rejected,593,Kaira Kakar
1055,2021-04-01,121189,Rejected,298,Hunar Thakkar
1056,2020-09-25,12218,Approved,498,Stuvan Dasgupta
1057,2024-06-29,105104,Rejected,627,Urvi Tak
1058,2021-08-25,187380,Approved,238,Amira Yohannan
1059,2023-03-28,144287,Rejected,20,Shanaya Iyer
1060,2023-12-09,87291,Approved,567,Rati Borra
1061,2021-12-26,17385,Rejected,428,Jivin Amble
1062,2021-11-06,178382,Pending,507,Tiya Dyal
1063,2023-11-22,126426,Rejected,356,Aayush Jain
1064,2022-10-03,92423,Approved,22,Ehsaan Bhatti
1065,2022-03-01,36460,Rejected,197,Tanya Balakrishnan
1066,2023-10-28,96502,Approved,238,Ira Dada
1067,2023-07-05,103989,Rejected,931,Shaan Bail
1068,2023-05-22,138570,Rejected,874,Ehsaan Mane
1069,2020-12-26,169281,Rejected,480,Amira Bhasin
1070,2023-05-13,30576,Approved,741,Jayan Chauhan
1071,2021-10-01,143720,Approved,854,Jivin Zacharia
1072,2023-05-16,188533,Rejected,753,Dharmajan Kashyap
1073,2023-08-11,75250,Approved,819,Zeeshan Garg
1074,2022-08-29,194334,Pending,637,Lagan Bhatt
1075,2023-07-02,45406,Rejected,768,Kanav Ganesh
1076,2022-01-05,21807,Approved,133,Alisha Uppal
1077,2019-11-06,38792,Pending,621,Oorja Trivedi
1078,2024-06-27,100976,Approved,966,Lakshit Chaudhuri
1079,2020-12-06,198785,Approved,241,Baiju Chacko
1080,2022-07-24,45839,Pending,19,Azad Devi
1081,2023-03-13,74963,Approved,366,Sana Dubey
1082,2019-12-13,137001,Pending,848,Divit Magar
1083,2022-12-20,172595,Rejected,33,Mehul Bhalla
1084,2020-06-17,162329,Approved,441,Yuvaan Divan
1085,2024-02-12,27224,Pending,124,Samarth Varghese
1086,2023-05-01,114586,Approved,265,Seher Mall
1087,2023-09-21,198764,Approved,788,Kartik Sankar
1088,2020-09-15,14102,Rejected,274,Hrishita Vala
1089,2021-10-25,179782,Rejected,895,Uthkarsh Dhawan
1090,2024-08-03,105501,Rejected,107,Faiyaz Gera
1091,2021-01-29,142749,Approved,819,Ojas Gopal
1092,2024-03-26,94141,Pending,999,Suhana Balay
1093,2023-01-08,25649,Rejected,625,Kartik Sachar
1094,2021-08-01,157520,Pending,844,Lakshay Bhatti
1095,2021-03-04,114682,Rejected,108,Adira Sibal
1096,2024-07-01,37574,Pending,892,Anahita Agarwal
1097,2020-08-13,45050,Approved,161,Dharmajan Thakur
1098,2022-08-24,147028,Rejected,453,Ayesha Deep
1099,2020-07-19,153583,Approved,751,Zara Shetty
1100,2022-12-06,174746,Pending,663,Jayesh Ben
1101,2024-06-08,75929,Pending,126,Rania Chatterjee
1102,2022-04-10,170476,Approved,993,Nehmat Barad
1103,2023-10-17,86071,Pending,252,Kiara Yohannan
1104,2022-05-22,167789,Approved,350,Rasha Savant
1105,2022-09-17,60918,Pending,88,Anika Wason
1106,2023-07-09,56873,Rejected,773,Kavya Shroff
1107,2023-01-03,85927,Rejected,681,Shray Chaudhuri
1108,2023-04-19,52863,Rejected,432,Ehsaan Behl
1109,2023-12-07,158507,Pending,822,Siya Bir
1110,2020-03-03,88620,Approved,920,Ryan Goswami
1111,2023-11-18,94457,Rejected,814,Gatik Raval
1112,2023-08-01,138029,Pending,454,Vaibhav Gera
1113,2021-04-09,33389,Pending,735,Aarush Bajwa
1114,2020-11-29,162218,Pending,87,Riaan Chakraborty
1115,2020-11-24,70969,Approved,791,Alisha Bath
1116,2023-03-24,37043,Pending,403,Sahil Comar
1117,2021-08-25,153043,Rejected,945,Sara Sura
1118,2022-10-29,130086,Rejected,60,Zoya Ram
1119,2023-08-24,195658,Rejected,819,Chirag Bali
1120,2020-05-21,133771,Rejected,997,Himmat Rana
1121,2021-03-06,62666,Approved,908,Suhana Uppal
1122,2019-11-17,137770,Rejected,895,Samaira Bala
1123,2023-05-23,64343,Rejected,322,Aaryahi Rau
1124,2021-12-26,182300,Pending,847,Badal Ravel
1125,2020-10-17,59557,Rejected,626,Charvi Sibal
1126,2021-11-22,184488,Rejected,414,Arnav Barad
1127,2020-02-22,92007,Pending,909,Aniruddh Sangha
1128,2022-01-13,111163,Rejected,668,Armaan Bajwa
1129,2022-08-16,91218,Approved,909,Neelofar Bajaj
1130,2022-06-14,163307,Rejected,415,Vidur Yogi
1131,2023-05-10,156203,Approved,87,Rhea Ghose
1132,2020-07-23,12209,Approved,400,Krish Mahal
1133,2022-11-07,146394,Rejected,901,Anaya Sankar
1134,2021-05-07,29571,Rejected,291,Amira Som
1135,2024-04-21,46678,Rejected,566,Kaira Zachariah
1136,2021-05-10,65889,Approved,776,Ivan Garde
1137,2021-08-17,128959,Pending,29,Ryan Desai
1138,2024-04-19,178612,Rejected,607,Ayesha Som
1139,2023-04-14,55445,Approved,744,Taimur Kashyap
1140,2023-10-29,87435,Rejected,114,Saksham Dugal
1141,2021-08-13,147737,Approved,266,Kimaya Butala
1142,2024-07-07,127263,Approved,127,Onkar Kakar
1143,2021-10-23,14308,Rejected,964,Ivan Vohra
1144,2022-04-25,29326,Approved,587,Piya Dani
1145,2022-01-03,148687,Approved,348,Pranay Mannan
1146,2020-05-12,196675,Rejected,596,Yuvaan Badal
1147,2024-02-19,115291,Rejected,682,Parinaaz Swaminathan
1148,2023-10-06,108991,Rejected,240,Ivana Brar
1149,2021-01-13,73316,Approved,683,Lakshit Rout
1150,2022-01-26,158034,Rejected,587,Myra Mangat
1151,2022-04-07,136125,Rejected,387,Amani Subramaniam
1152,2022-05-16,106335,Pending,108,Eshani Goel
1153,2023-03-01,68930,Rejected,198,Romil Gala
1154,2020-06-26,165454,Approved,466,Jayesh Bhargava
1155,2022-12-07,24108,Rejected,436,Hiran Rao
1156,2024-10-15,166545,Pending,95,Onkar Bhatti
1157,2023-01-11,17128,Pending,488,Anvi Balay
1158,2021-09-01,46883,Pending,379,Vritika Mann
1159,2020-07-12,136980,Approved,603,Mehul Zacharia
1160,2024-05-09,113999,Approved,893,Advika Jaggi
1161,2022-03-13,56420,Approved,652,Farhan Sinha
1162,2020-12-05,87567,Approved,706,Sana Rama
1163,2022-10-17,186552,Approved,750,Prerak Goswami
1164,2021-01-20,194788,Pending,148,Samaira Mangal
1165,2020-10-02,103628,Approved,729,Ahana  Chadha
1166,2019-11-22,94254,Rejected,526,Yashvi Kaur
1167,2023-07-23,173338,Pending,712,Biju Rao
1168,2023-09-21,46465,Approved,34,Nakul Varkey
1169,2021-08-15,150567,Rejected,379,Yakshit Mammen
1170,2023-03-01,184731,Pending,617,Baiju Saxena
1171,2023-11-16,171202,Pending,124,Lakshit Manda
1172,2020-10-14,77069,Approved,42,Tara Sahni
1173,2024-10-02,106942,Pending,381,Ira Brar
1174,2024-03-14,64460,Approved,311,Diya Trivedi
1175,2021-08-05,62326,Pending,811,Abram Kant
1176,2021-10-23,32860,Rejected,432,Hazel Ray
1177,2022-07-16,14487,Approved,911,Aayush Golla
1178,2020-02-12,60279,Pending,839,Diya Bhargava
1179,2022-09-29,149234,Pending,126,Piya Bassi
1180,2022-01-21,111770,Pending,892,Himmat Karpe
1181,2024-01-28,13713,Approved,587,Vivaan Solanki
1182,2023-04-07,65392,Approved,922,Devansh Keer
1183,2023-02-22,70876,Approved,487,Pari Kashyap
1184,2021-04-23,167720,Rejected,136,Manikya Taneja
1185,2024-02-07,153580,Rejected,652,Ryan Desai
1186,2022-11-20,94883,Approved,684,Stuvan Barman
1187,2022-02-01,92570,Rejected,334,Shlok Chaudry
1188,2020-02-06,22416,Rejected,681,Ritvik Dayal
1189,2023-01-28,126600,Approved,239,Nirvaan Magar
1190,2022-01-10,180548,Approved,554,Shaan Dhar
1191,2022-08-22,13935,Rejected,912,Dhruv Bhatnagar
1192,2021-01-05,91404,Approved,662,Devansh Randhawa
1193,2024-03-27,22263,Pending,725,Jhanvi Bedi
1194,2021-07-17,9837,Rejected,816,Gokul Bala
1195,2022-11-05,155461,Approved,575,Bhavin Malhotra
1196,2024-09-07,130806,Rejected,573,Anay Mandal
1197,2021-02-04,21605,Rejected,555,Indrajit Sawhney
1198,2020-02-20,117487,Pending,981,Saanvi Dubey
1199,2020-05-22,116198,Pending,769,Aaryahi Jani
1200,2023-07-14,97788,Pending,124,Yasmin Taneja
1201,2023-03-28,133360,Rejected,185,Rasha Mahal
1202,2021-02-25,192663,Approved,806,Uthkarsh Sathe
1203,2023-04-12,45132,Rejected,860,Riaan Balan
1204,2019-12-17,178093,Approved,87,Kismat Saini
1205,2023-11-22,162350,Rejected,329,Madhup Gade
1206,2022-04-20,83351,Pending,504,Kabir Goswami
1207,2022-10-12,173085,Pending,349,Sana Bhardwaj
1208,2021-01-01,90218,Approved,25,Madhav Gopal
1209,2022-08-18,172631,Approved,392,Baiju Bhargava
1210,2021-03-06,55150,Pending,102,Madhup Date
1211,2021-06-28,110647,Approved,148,Samiha Dayal
1212,2023-02-10,40620,Pending,158,Kavya Choudhry
1213,2023-10-04,64825,Approved,695,Aaryahi Khanna
1214,2022-08-05,37992,Rejected,985,Rohan Dhillon
1215,2019-12-31,68432,Pending,731,Mohanlal Bassi
1216,2022-01-30,16408,Approved,102,Jivin Bhasin
1217,2020-06-07,67408,Approved,915,Zaina Gandhi
1218,2024-01-02,68222,Approved,965,Advik Walia
1219,2022-10-03,166410,Pending,54,Samar Comar
1220,2021-03-09,44499,Rejected,601,Vivaan Tailor
1221,2024-06-29,51116,Rejected,771,Sumer Dutt
1222,2019-10-23,103362,Pending,276,Vidur Tata
1223,2022-03-24,16823,Approved,567,Abram Goda
1224,2024-04-01,84380,Approved,30,Samiha Hayre
1225,2020-04-05,84461,Pending,936,Indranil Borde
1226,2024-07-27,177800,Approved,568,Vardaniya Mann
1227,2024-09-15,192878,Rejected,104,Kavya Borde
1228,2024-04-30,53032,Rejected,668,Vidur Krishnan
1229,2024-09-21,158117,Approved,582,Divyansh Aurora
1230,2023-03-16,84315,Pending,867,Tiya Walia
1231,2021-05-02,128981,Pending,802,Raunak Dugal
1232,2021-06-19,193743,Approved,554,Saksham Chahal
1233,2021-08-07,197135,Pending,551,Ehsaan Datta
1234,2020-08-13,190759,Rejected,463,Vedika Dada
1235,2023-08-04,13149,Approved,985,Amira Ray
1236,2021-03-06,166728,Approved,669,Pranay Sastry
1237,2020-12-26,194556,Pending,62,Azad Vohra
1238,2022-10-10,187034,Approved,280,Jivin Sachar
1239,2022-04-20,121584,Rejected,390,Ahana  Mane
1240,2021-09-24,199852,Rejected,218,Anika Sha
1241,2024-07-28,119106,Rejected,289,Badal Deep
1242,2024-02-14,13870,Rejected,547,Keya Bedi
1243,2022-10-06,114801,Approved,92,Seher Gola
1244,2022-01-22,82084,Pending,851,Ritvik Mall
1245,2023-08-10,32232,Rejected,287,Myra Bains
1246,2022-06-04,176264,Pending,626,Tiya Dube
1247,2024-01-19,103440,Approved,906,Pranay Aggarwal
1248,2024-02-28,138010,Approved,651,Aradhya Tandon
1249,2024-09-14,55965,Rejected,464,Vedika Barad
1250,2022-07-21,58238,Rejected,330,Manjari Raja
1251,2021-03-02,71618,Approved,983,Kiara Bhandari
1252,2021-07-01,121905,Pending,936,Mohanlal Sodhi
1253,2024-10-03,139910,Rejected,945,Mishti Balay
1254,2023-03-10,5399,Approved,5,Pari Amble
1255,2022-06-04,180782,Rejected,178,Yuvaan Sant
1256,2021-10-22,85567,Rejected,721,Aayush Sridhar
1257,2024-10-01,100350,Approved,552,Anaya Soman
1258,2020-08-26,20824,Rejected,667,Ehsaan Zacharia
1259,2022-06-23,20117,Pending,914,Tiya Walia
1260,2024-01-25,167256,Rejected,456,Hiran Kaur
1261,2023-01-13,136088,Approved,996,Amani Dewan
1262,2020-09-03,163492,Rejected,367,Shayak Dara
1263,2023-08-02,80416,Rejected,9,Yuvraj  Shah
1264,2022-12-29,29329,Approved,959,Ivana Garg
1265,2023-05-15,42633,Pending,227,Piya Kant
1266,2020-08-30,149913,Approved,697,Ritvik Dani
1267,2023-03-07,184673,Approved,197,Neysa Sastry
1268,2020-10-07,22543,Rejected,641,Yuvaan Swaminathan
1269,2024-03-17,64120,Rejected,227,Khushi Tak
1270,2022-12-18,50680,Approved,991,Sahil Banik
1271,2024-01-03,75785,Approved,505,Adah Lal
1272,2024-01-02,181379,Rejected,621,Ayesha Mahal
1273,2021-03-13,45772,Pending,841,Yuvraj  Ray
1274,2021-11-29,129495,Pending,891,Sana Shankar
1275,2021-07-15,59083,Rejected,506,Shaan Bassi
1276,2019-11-21,38243,Pending,676,Dhanush Arya
1277,2021-03-18,149069,Rejected,699,Rania Bhargava
1278,2022-01-30,122580,Pending,67,Purab Barad
1279,2020-04-03,119692,Rejected,67,Dhruv Shanker
1280,2020-11-25,29849,Rejected,877,Zara Baria
1281,2023-08-29,49453,Rejected,747,Anahita Dayal
1282,2024-07-26,157539,Pending,869,Saksham Sankar
1283,2023-11-05,137206,Rejected,695,Divit Raja
1284,2022-02-18,108924,Approved,698,Kanav Sood
1285,2024-01-23,114223,Approved,3,Kabir Shankar
1286,2020-05-18,187889,Rejected,690,Onkar Dyal
1287,2024-05-21,188899,Pending,875,Prerak Varty
1288,2023-11-13,188058,Approved,865,Diya Arora
1289,2024-01-15,199046,Approved,125,Keya Chana
1290,2023-09-23,137634,Approved,508,Alia Desai
1291,2021-06-11,75487,Pending,906,Rania Dhawan
1292,2021-03-12,145638,Pending,285,Raghav Chakraborty
1293,2022-06-08,184086,Rejected,460,Biju Chadha
1294,2023-02-01,66667,Approved,200,Mohanlal Dutta
1295,2022-04-15,70268,Rejected,828,Yuvaan Kamdar
1296,2020-12-02,9948,Rejected,232,Anya Soman
1297,2021-04-14,195729,Approved,981,Indrajit Bhatti
1298,2021-10-21,19516,Pending,202,Saira Lal
1299,2023-07-11,37074,Approved,65,Diya Wable
1300,2023-04-17,127069,Pending,29,Lakshay Thaker
1301,2022-05-18,98593,Pending,607,Stuvan Dalia
1302,2024-10-02,160458,Approved,861,Taran Vohra
1303,2020-03-14,53830,Pending,485,Jiya Warrior
1304,2019-12-23,51480,Approved,853,Drishya Sem
1305,2022-07-17,15614,Approved,533,Rati Varty
1306,2024-01-26,159852,Pending,795,Hiran Mallick
1307,2022-05-19,121993,Approved,783,Aarav Bose
1308,2023-08-21,23656,Approved,593,Aaina Saraf
1309,2020-12-03,29341,Pending,939,Ishita Sekhon
1310,2022-02-24,11502,Approved,912,Emir Sani
1311,2022-04-19,170300,Pending,802,Kismat Bala
1312,2022-01-18,29869,Approved,57,Amani Gade
1313,2020-07-01,63787,Rejected,443,Miraan Wason
1314,2023-12-23,17829,Rejected,58,Yakshit Warrior
1315,2019-12-15,114055,Approved,871,Akarsh Wason
1316,2024-05-24,79384,Pending,633,Nishith Sanghvi
1317,2024-03-16,151633,Pending,886,Aayush Sanghvi
1318,2019-12-10,121917,Rejected,639,Pihu Ravi
1319,2021-04-08,7068,Approved,476,Heer Agrawal
1320,2023-05-21,160057,Rejected,635,Sana Sule
1321,2024-07-01,24749,Rejected,961,Mishti Desai
1322,2023-05-23,136776,Pending,465,Mohanlal Dugar
1323,2021-07-11,105857,Rejected,198,Manjari Borah
1324,2021-01-26,26061,Pending,610,Jayan Bhasin
1325,2020-11-21,144093,Rejected,809,Yakshit Ratta
1326,2019-12-24,168952,Rejected,130,Yashvi Dutta
1327,2024-05-13,129286,Approved,364,Urvi Zachariah
1328,2021-04-15,87096,Rejected,636,Manikya Chacko
1329,2024-01-05,91702,Pending,141,Mamooty Dua
1330,2022-01-02,160420,Pending,131,Priyansh Banik
1331,2023-02-19,65775,Approved,526,Ela Chhabra
1332,2024-07-14,192150,Approved,319,Onkar Shukla
1333,2024-06-03,118815,Rejected,795,Hrishita Sami
1334,2021-03-22,33397,Approved,317,Lakshit Sankar
1335,2021-06-07,122649,Approved,378,Jayesh Krishnamurthy
1336,2022-05-13,194203,Rejected,601,Tanya Varughese
1337,2023-03-01,133247,Pending,59,Lavanya Manne
1338,2024-08-16,51291,Rejected,880,Dhanush Bajaj
1339,2024-02-16,15648,Approved,201,Tiya Kumar
1340,2023-03-16,195420,Rejected,931,Hunar Bhakta
1341,2021-11-04,44246,Pending,350,Alia Shetty
1342,2022-07-05,41924,Approved,712,Dhanush Sood
1343,2022-01-05,139909,Approved,615,Nitara Gokhale
1344,2022-05-16,140021,Rejected,580,Alia Bhatti
1345,2021-02-11,192798,Rejected,307,Aniruddh Saxena
1346,2020-03-28,86646,Pending,108,Ela Ramaswamy
1347,2023-12-28,93589,Pending,508,Trisha Datta
1348,2021-03-17,47784,Pending,655,Nirvi Garg
1349,2023-08-26,48490,Pending,478,Arhaan Chopra
1350,2023-12-26,126664,Pending,493,Drishya Vasa
1351,2022-11-27,148244,Approved,827,Eshani Cherian
1352,2023-07-12,149316,Pending,410,Madhup Bora
1353,2020-03-25,40928,Pending,372,Yakshit Sahni
1354,2019-11-03,6929,Approved,31,Aarav Reddy
1355,2023-09-02,113165,Pending,298,Nirvaan Kalla
1356,2023-01-19,90880,Rejected,600,Tara Gopal
1357,2024-02-14,182978,Approved,45,Kavya Lad
1358,2023-07-24,195185,Pending,203,Divij Seth
1359,2022-07-02,60400,Pending,907,Mehul Chowdhury
1360,2021-10-12,56090,Pending,348,Madhup Krishna
1361,2021-08-09,170269,Pending,183,Tiya Raja
1362,2020-02-13,43218,Pending,864,Nishith Loke
1363,2022-04-12,56049,Pending,22,Shaan Kamdar
1364,2022-04-07,167132,Pending,389,Vaibhav Singh
1365,2020-09-10,132699,Pending,347,Anahi Shankar
1366,2024-04-06,187542,Approved,468,Indrans Sharaf
1367,2020-03-05,51829,Approved,677,Mahika Raval
1368,2023-03-19,38415,Rejected,819,Ranbir Madan
1369,2020-02-09,199551,Approved,900,Indranil Buch
1370,2022-01-12,143634,Pending,148,Tanya Karan
1371,2022-08-04,177131,Pending,814,Farhan Virk
1372,2023-08-18,41980,Rejected,388,Alia Borra
1373,2020-04-06,140399,Approved,614,Anika Varghese
1374,2019-12-30,88760,Rejected,251,Faiyaz Kapoor
1375,2022-07-14,184598,Rejected,602,Shamik Saran
1376,2023-02-18,41875,Rejected,302,Amira Viswanathan
1377,2022-04-22,158970,Approved,254,Nishith Gour
1378,2020-10-02,15386,Approved,894,Aaina Karan
1379,2022-05-21,29659,Rejected,992,Pranay Saraf
1380,2024-02-15,118896,Approved,215,Vedika Savant
1381,2023-12-24,146823,Approved,810,Rati Iyengar
1382,2023-12-15,134383,Pending,172,Ela Wason
1383,2024-03-08,104180,Rejected,770,Miraan Andra
1384,2021-03-18,104286,Approved,532,Suhana Mani
1385,2020-12-15,95532,Approved,730,Pari Sandhu
1386,2019-10-27,77906,Rejected,495,Jhanvi Chhabra
1387,2021-09-17,144552,Approved,486,Fateh Yadav
1388,2024-05-04,57325,Approved,654,Zara Bhasin
1389,2022-07-11,184631,Rejected,666,Vritika Sani
1390,2019-12-16,12138,Pending,917,Mannat Rattan
1391,2021-06-15,44585,Pending,406,Urvi Trivedi
1392,2021-10-03,47626,Approved,911,Kanav Sheth
1393,2022-12-10,78531,Pending,958,Lagan Ben
1394,2021-12-03,169274,Approved,564,Sara Choudhary
1395,2020-09-24,21528,Pending,303,Riya Mangal
1396,2022-12-10,91679,Approved,236,Yashvi Soman
1397,2022-02-07,118873,Approved,525,Trisha Randhawa
1398,2024-05-28,126120,Approved,462,Rati Gopal
1399,2024-08-10,96172,Approved,377,Manikya Biswas
1400,2021-04-24,161878,Approved,280,Anya Lala
1401,2020-02-19,79562,Pending,453,Elakshi Dalal
1402,2024-09-10,50589,Rejected,78,Lakshay Vohra
1403,2024-09-19,75023,Pending,302,Mohanlal Bahl
1404,2023-05-16,169308,Rejected,560,Aniruddh Devi
1405,2023-06-14,130513,Approved,949,Jhanvi Johal
1406,2021-06-22,49410,Pending,74,Tiya Choudhry
1407,2024-06-02,75246,Rejected,206,Vidur Mann
1408,2020-05-17,70083,Rejected,338,Inaaya  Hegde
1409,2023-11-19,53755,Rejected,836,Anahita Sachar
1410,2023-01-13,154854,Approved,196,Onkar Deshpande
1411,2022-02-18,142600,Pending,876,Fateh Mahajan
1412,2022-10-15,151715,Rejected,557,Arnav Bera
1413,2022-09-20,182915,Pending,789,Oorja Chacko
1414,2023-07-20,63397,Approved,802,Samarth Ganesh
1415,2023-09-17,199384,Approved,842,Abram Shan
1416,2020-09-03,118091,Rejected,13,Eshani Kota
1417,2020-12-15,97041,Rejected,780,Damini Dora
1418,2021-04-17,190540,Approved,234,Advik Bhatti
1419,2021-03-05,49251,Rejected,215,Zaina Chana
1420,2023-12-05,97515,Rejected,602,Indranil Bhandari
1421,2022-09-23,158265,Approved,740,Aradhya Sood
1422,2021-01-20,163808,Approved,811,Darshit Verma
1423,2020-10-29,21746,Pending,440,Madhup Dhawan
1424,2020-05-18,155176,Rejected,428,Veer Venkatesh
1425,2021-10-16,45869,Approved,874,Zeeshan Kashyap
1426,2023-07-16,113897,Approved,143,Yashvi Manne
1427,2023-07-16,117614,Pending,313,Anahita Kannan
1428,2023-10-08,188954,Pending,512,Neysa Mangal
1429,2024-02-18,163028,Approved,348,Yuvraj  Arya
1430,2022-10-20,48971,Approved,703,Rati Dora
1431,2023-02-26,151762,Rejected,551,Navya Kannan
1432,2022-03-28,63429,Rejected,24,Mannat Halder
1433,2024-05-19,115678,Pending,945,Pranay Sant
1434,2024-05-05,32131,Approved,582,Vardaniya Rattan
1435,2024-02-02,127819,Rejected,936,Divit Kala
1436,2022-04-09,123528,Approved,391,Vedika Buch
1437,2020-11-14,44820,Approved,66,Tarini Kothari
1438,2023-11-21,109226,Pending,487,Vidur Sodhi
1439,2019-12-20,26184,Rejected,986,Nakul Shukla
1440,2019-10-27,93049,Approved,96,Dharmajan Srinivas
1441,2019-11-29,38428,Rejected,567,Arhaan Khosla
1442,2023-10-23,39639,Rejected,618,Farhan Toor
1443,2024-03-18,100280,Pending,204,Sana Jayaraman
1444,2021-07-13,18551,Approved,291,Navya Dass
1445,2020-05-27,45149,Approved,676,Parinaaz Sharma
1446,2020-03-17,107257,Approved,59,Jivin Chander
1447,2022-07-04,76887,Pending,176,Sana Kurian
1448,2020-07-21,68721,Approved,401,Mehul Ratta
1449,2021-01-29,35622,Pending,133,Anika Vohra
1450,2021-12-31,109608,Approved,761,Tushar Deo
1451,2022-10-12,18409,Pending,134,Tiya Dhaliwal
1452,2023-11-27,174738,Approved,443,Ahana  Lad
1453,2024-01-03,164490,Rejected,487,Riaan Dhaliwal
1454,2023-07-12,35962,Rejected,962,Dhanuk Kari
1455,2022-06-15,65511,Pending,515,Yuvraj  Hayre
1456,2024-07-19,144771,Approved,283,Alisha Mane
1457,2024-09-19,44332,Pending,457,Gokul Vig
1458,2019-11-07,17474,Approved,620,Fateh Chopra
1459,2023-10-27,162475,Rejected,337,Mahika Lata
1460,2021-03-17,182509,Approved,472,Alisha Guha
1461,2020-07-12,95226,Pending,755,Samar Sem
1462,2021-07-16,22765,Rejected,903,Inaaya  Koshy
1463,2024-03-16,184185,Approved,718,Jivika Atwal
1464,2020-05-25,169315,Approved,401,Damini Barad
1465,2021-04-20,124540,Pending,426,Ishaan Yadav
1466,2023-04-03,53581,Rejected,751,Saksham Sur
1467,2024-07-11,89255,Approved,933,Tejas Kalla
1468,2023-11-14,133521,Rejected,583,Arhaan Chadha
1469,2023-02-09,23629,Rejected,969,Jayan Savant
1470,2022-07-25,13515,Pending,281,Mahika Chaudhry
1471,2021-06-08,177098,Rejected,299,Aaina Bhattacharyya
1472,2024-02-13,134998,Pending,715,Riaan Contractor
1473,2023-12-12,146675,Pending,931,Yasmin Madan
1474,2021-05-13,101230,Rejected,125,Aniruddh Sengupta
1475,2020-08-24,199087,Pending,774,Sumer Wali
1476,2020-12-06,25519,Approved,420,Azad Deo
1477,2021-11-21,92933,Approved,213,Azad Manda
1478,2020-05-24,103683,Approved,28,Damini Singh
1479,2020-10-20,19273,Rejected,692,Riaan Khosla
1480,2023-03-08,151199,Approved,352,Adah Sur
1481,2023-10-09,150462,Pending,407,Anay Char
1482,2020-08-18,12366,Approved,118,Jayan Raju
1483,2022-01-25,143274,Pending,335,Mannat Ramaswamy
1484,2021-08-22,135708,Approved,497,Stuvan Baria
1485,2021-08-13,94965,Pending,562,Zeeshan Wali
1486,2024-05-09,133119,Rejected,973,Eva Bhalla
1487,2022-05-19,90356,Approved,841,Riya Rajan
1488,2023-01-16,59433,Pending,175,Jivika Rana
1489,2020-08-25,168507,Rejected,103,Shaan Bandi
1490,2021-02-08,39561,Pending,548,Diya Sen
1491,2022-02-11,149582,Pending,80,Stuvan Dash
1492,2024-03-01,135921,Pending,694,Divij Mane
1493,2022-01-13,58284,Approved,367,Umang Jaggi
1494,2024-05-23,39698,Rejected,36,Suhana Sanghvi
1495,2022-10-03,179074,Rejected,222,Rania Date
1496,2020-04-07,91201,Pending,857,Badal Tiwari
1497,2023-09-24,128784,Rejected,657,Jayant Mahal
1498,2023-08-27,134195,Rejected,919,Ivan Boase
1499,2022-09-10,25045,Rejected,316,Vedika Sethi
1500,2022-07-13,91577,Rejected,5,Gokul Chahal
